Account length,International plan,Voice mail plan,Number vmail messages,Total day minutes,Total day calls,Total eve minutes,Total eve calls,Total night minutes,Total night calls,Total intl minutes,Total intl calls,Customer service calls,Churn,Total usage minutes,Total calls,Service call ratio
128,0,1,25,265.1,110,197.4,99,244.7,91,10.0,3,1,False,717.2,303,0.0033003300330033004
107,0,1,26,161.6,123,195.5,103,254.4,103,13.7,3,1,False,625.2,332,0.0030120481927710845
137,0,0,0,243.4,114,121.2,110,162.6,104,12.2,5,0,False,539.4000000000001,333,0.0
84,1,0,0,299.4,71,61.9,88,196.9,89,6.6,7,2,False,564.8,255,0.00784313725490196
75,1,0,0,166.7,113,148.3,122,186.9,121,10.1,3,3,False,512.0,359,0.008356545961002786
118,1,0,0,223.4,98,220.6,101,203.9,118,6.3,6,0,False,654.1999999999999,323,0.0
121,0,1,24,218.2,88,348.5,108,212.6,118,7.5,7,3,False,786.8000000000001,321,0.009345794392523364
147,1,0,0,157.0,79,103.1,94,211.8,96,7.1,6,0,False,479.00000000000006,275,0.0
141,1,1,37,258.6,84,222.0,111,326.4,97,11.2,5,0,False,818.2,297,0.0
74,0,0,0,187.7,127,163.4,148,196.0,94,9.1,5,0,False,556.2,374,0.0
168,0,0,0,128.8,96,104.9,71,141.1,128,11.2,2,1,False,386.0,297,0.003367003367003367
95,0,0,0,156.6,88,247.6,75,192.3,115,12.3,5,3,False,608.8,283,0.01060070671378092
62,0,0,0,120.7,70,307.2,76,203.0,99,13.1,6,4,False,644.0,251,0.01593625498007968
85,0,1,27,196.4,139,280.9,90,89.3,75,13.8,4,1,False,580.3999999999999,308,0.003246753246753247
93,0,0,0,190.7,114,218.2,111,129.6,121,8.1,3,3,False,546.6,349,0.008595988538681949
76,0,1,33,189.7,66,212.8,65,165.7,108,10.0,5,1,False,578.2,244,0.004098360655737705
73,0,0,0,224.4,90,159.5,88,192.8,74,13.0,2,1,False,589.7,254,0.003937007874015748
147,0,0,0,155.1,117,239.7,93,208.8,133,10.6,4,0,False,614.1999999999999,347,0.0
77,0,0,0,62.4,89,169.9,121,209.6,64,5.7,6,5,True,447.59999999999997,280,0.017857142857142856
130,0,0,0,183.0,112,72.9,99,181.8,78,9.5,19,0,False,447.20000000000005,308,0.0
132,0,0,0,81.1,86,245.2,72,237.0,115,10.3,2,0,False,573.5999999999999,275,0.0
174,0,0,0,124.3,76,277.1,112,250.7,115,15.5,5,3,False,667.6,308,0.00974025974025974
57,0,1,39,213.0,115,191.1,112,182.7,115,9.5,3,0,False,596.3,345,0.0
54,0,0,0,134.3,73,155.5,100,102.1,68,14.7,4,3,False,406.59999999999997,245,0.012244897959183673
20,0,0,0,190.0,109,258.2,84,181.5,102,6.3,6,0,False,636.0,301,0.0
142,0,0,0,84.8,95,136.7,63,250.5,148,14.2,6,2,False,486.2,312,0.00641025641025641
75,0,0,0,226.1,105,201.5,107,246.2,98,10.3,5,1,False,684.0999999999999,315,0.0031746031746031746
172,0,0,0,212.0,121,31.2,115,293.3,78,12.6,10,3,False,549.1,324,0.009259259259259259
12,0,0,0,249.6,118,252.4,119,280.2,90,11.8,3,1,True,794.0,330,0.0030303030303030303
57,0,1,25,176.8,94,195.0,75,213.5,116,8.3,4,0,False,593.5999999999999,289,0.0
72,0,1,37,220.0,80,217.3,102,152.8,71,14.7,6,3,False,604.8000000000001,259,0.011583011583011582
78,0,0,0,130.8,64,223.7,116,227.8,108,10.0,5,1,False,592.3,293,0.0034129692832764505
136,1,1,33,203.9,106,187.6,99,101.7,107,10.5,6,3,False,503.7,318,0.009433962264150943
149,0,0,0,140.4,94,271.8,92,188.3,108,11.1,9,1,False,611.6,303,0.0033003300330033004
98,0,0,0,126.3,102,166.8,85,187.8,135,9.4,2,3,False,490.3,324,0.009259259259259259
135,1,1,41,173.1,85,203.9,107,122.2,78,14.6,15,0,True,513.8,285,0.0
34,0,0,0,124.8,82,282.2,98,311.5,78,10.0,4,2,False,728.5,262,0.007633587786259542
160,0,0,0,85.8,77,165.3,110,178.5,92,9.2,4,3,False,438.8,283,0.01060070671378092
64,0,0,0,154.0,67,225.8,118,265.3,86,3.5,3,1,False,648.6,274,0.0036496350364963502
59,0,1,28,120.9,97,213.0,92,163.1,116,8.5,5,2,False,505.5,310,0.0064516129032258064
142,0,0,0,187.0,133,134.6,74,242.2,127,7.4,5,2,False,571.1999999999999,339,0.0058997050147492625
97,0,1,24,133.2,135,217.2,58,70.6,79,11.0,3,1,False,432.0,275,0.0036363636363636364
52,0,0,0,191.9,108,269.8,96,236.8,87,7.8,5,3,False,706.3,296,0.010135135135135136
60,0,0,0,220.6,57,211.1,115,249.0,129,6.8,3,1,False,687.5,304,0.003289473684210526
96,0,0,0,160.2,117,267.5,67,228.5,68,9.3,5,2,False,665.5,257,0.007782101167315175
87,0,0,0,151.0,83,219.7,116,203.9,127,9.7,3,5,True,584.3000000000001,329,0.015197568389057751
81,0,0,0,175.5,67,249.3,85,270.2,98,10.2,3,1,False,705.2,253,0.003952569169960474
141,0,0,0,126.9,98,180.0,62,140.8,128,8.0,2,1,False,455.7,290,0.0034482758620689655
121,0,1,30,198.4,129,75.3,77,181.2,77,5.8,3,3,True,460.7,286,0.01048951048951049
125,0,0,0,229.3,103,177.4,126,189.3,95,12.0,8,1,False,608.0,332,0.0030120481927710845
174,0,0,0,192.1,97,169.9,94,166.6,54,11.4,4,1,False,540.0,249,0.004016064257028112
116,0,1,34,268.6,83,178.2,142,166.3,106,11.6,3,2,False,624.7,334,0.005988023952095809
149,0,1,28,180.7,92,187.8,64,265.5,53,12.6,3,3,False,646.6,212,0.014150943396226415
38,0,0,0,131.2,98,162.9,97,159.0,106,8.2,6,2,False,461.3,307,0.006514657980456026
40,0,1,41,148.1,74,169.5,88,214.1,102,6.2,5,2,False,537.9000000000001,269,0.007434944237918215
43,1,0,0,251.5,105,212.8,104,157.8,67,9.3,4,0,False,631.4,280,0.0
113,1,0,0,125.2,93,206.4,119,129.3,139,8.3,8,0,False,469.20000000000005,359,0.0
126,0,0,0,211.6,70,216.9,80,153.5,60,7.8,1,1,False,589.8,211,0.004739336492890996
150,0,0,0,178.9,101,169.1,110,148.6,100,13.8,3,4,True,510.40000000000003,314,0.012738853503184714
138,0,0,0,241.8,93,170.5,83,295.3,104,11.8,7,3,False,719.4,287,0.010452961672473868
162,0,1,46,224.9,97,188.2,84,254.6,61,12.1,2,0,False,679.8000000000001,244,0.0
147,0,0,0,248.6,83,148.9,85,172.5,109,8.0,4,3,False,578.0,281,0.010676156583629894
90,0,0,0,203.4,146,226.7,117,152.4,105,7.3,4,1,False,589.8,372,0.002688172043010753
50,0,0,0,157.1,90,223.3,72,181.4,111,6.1,2,1,False,567.9,275,0.0036363636363636364
82,0,0,0,300.3,109,181.0,100,270.1,73,11.7,4,0,True,763.1000000000001,286,0.0
144,0,0,0,61.6,117,77.1,85,173.0,99,8.2,7,4,True,319.9,308,0.012987012987012988
70,0,0,0,170.2,98,155.2,102,228.6,76,15.0,2,1,False,569.0,278,0.0035971223021582736
144,0,0,0,201.1,99,303.5,74,224.0,119,13.2,2,1,False,741.8000000000001,294,0.003401360544217687
116,1,0,0,215.4,104,204.8,79,278.5,109,12.6,5,3,False,711.3000000000001,297,0.010101010101010102
55,0,1,25,165.6,123,136.1,95,175.7,90,11.0,2,3,False,488.4,310,0.00967741935483871
70,0,1,24,249.5,101,259.7,98,222.7,68,9.8,4,1,False,741.6999999999999,271,0.0036900369003690036
106,0,0,0,210.6,96,249.2,85,191.4,88,12.4,1,2,True,663.5999999999999,270,0.007407407407407408
94,0,0,0,157.9,105,155.0,101,189.6,84,8.0,5,4,True,510.5,295,0.013559322033898305
111,0,0,0,214.3,118,208.5,76,182.4,98,12.0,2,1,False,617.2,294,0.003401360544217687
74,0,1,35,154.1,104,123.4,84,202.1,57,10.9,9,2,False,490.5,254,0.007874015748031496
128,0,0,0,237.9,125,247.6,93,208.9,68,13.9,4,1,True,708.3,290,0.0034482758620689655
82,0,0,0,143.9,61,194.9,105,109.6,94,11.1,2,1,False,459.5,262,0.003816793893129771
80,0,0,0,124.3,100,173.0,107,253.2,62,7.9,9,1,False,558.4,278,0.0035971223021582736
78,0,0,0,252.9,93,178.4,112,263.9,105,9.5,7,3,False,704.7,317,0.00946372239747634
90,0,0,0,179.1,71,190.6,81,127.7,91,10.6,7,3,False,508.0,250,0.012
104,0,0,0,278.4,106,81.0,113,163.2,137,9.8,5,1,False,532.3999999999999,361,0.002770083102493075
99,0,0,0,198.2,87,207.3,76,190.9,113,8.7,3,4,False,605.1,279,0.014336917562724014
120,0,0,0,212.1,131,209.4,104,167.2,96,5.3,5,1,True,594.0,336,0.002976190476190476
98,0,1,21,161.2,114,252.2,83,160.2,92,4.4,8,4,False,577.9999999999999,297,0.013468013468013467
135,0,0,0,151.7,82,119.0,105,180.0,100,10.5,6,0,False,461.2,293,0.0
122,0,0,0,170.5,94,173.7,109,248.6,75,11.3,2,1,False,604.0999999999999,280,0.0035714285714285713
95,0,0,0,238.1,65,187.2,98,190.0,115,11.8,4,4,False,627.0999999999999,282,0.014184397163120567
93,0,1,21,117.9,131,164.5,115,217.0,86,9.8,3,1,False,509.2,335,0.0029850746268656717
157,0,0,0,229.8,90,147.9,121,241.4,108,9.6,7,3,False,628.7,326,0.009202453987730062
120,0,0,0,165.0,100,317.2,83,119.2,86,8.3,8,1,False,609.6999999999999,277,0.0036101083032490976
103,0,0,0,185.0,117,223.3,94,222.8,91,12.6,2,2,False,643.7,304,0.006578947368421052
98,0,0,0,161.0,117,190.9,113,227.7,113,12.1,4,4,False,591.6999999999999,347,0.011527377521613832
125,0,0,0,126.7,108,206.0,90,247.8,114,13.3,7,1,False,593.8,319,0.003134796238244514
36,1,1,42,196.8,89,254.9,122,138.3,126,20.0,6,0,True,610.0,343,0.0
64,0,0,0,162.6,83,152.3,109,57.5,122,14.2,3,1,False,386.59999999999997,317,0.0031545741324921135
74,0,0,0,282.5,114,219.9,48,170.0,115,9.4,4,1,True,681.8,281,0.0035587188612099642
112,0,1,36,113.7,117,157.5,82,177.6,118,10.0,3,2,False,458.79999999999995,320,0.00625
46,0,0,0,210.2,92,227.3,77,200.1,116,13.1,7,1,False,650.7,292,0.003424657534246575
41,0,1,22,213.8,102,141.8,86,142.2,123,7.2,3,0,False,505.0,314,0.0
121,0,0,0,190.7,103,183.5,117,220.8,103,9.8,4,3,False,604.8,327,0.009174311926605505
193,0,0,0,170.9,124,132.3,95,112.9,89,11.6,3,1,False,427.70000000000005,311,0.003215434083601286
130,0,0,0,154.2,119,110.2,98,227.4,117,9.2,5,2,False,500.99999999999994,339,0.0058997050147492625
85,0,0,0,201.4,52,229.4,104,252.5,106,12.0,3,1,False,695.3,265,0.0037735849056603774
162,0,0,0,70.7,108,157.5,87,154.8,82,9.1,3,4,True,392.1,280,0.014285714285714285
61,0,1,27,187.5,124,146.6,103,225.7,129,6.4,6,4,True,566.1999999999999,362,0.011049723756906077
92,0,0,0,91.7,90,193.7,123,175.0,86,9.2,4,2,False,469.59999999999997,303,0.006600660066006601
131,0,1,36,214.2,115,161.7,117,264.7,102,9.5,4,3,False,650.0999999999999,338,0.008875739644970414
90,0,0,0,145.5,92,217.7,114,146.9,123,10.9,2,3,False,521.0,331,0.00906344410876133
78,0,0,0,231.0,115,230.4,140,261.4,120,9.5,3,1,False,732.3,378,0.0026455026455026454
82,0,0,0,200.3,96,201.2,102,206.1,60,7.1,1,4,False,614.7,259,0.015444015444015444
163,0,0,0,197.0,109,202.6,128,206.4,80,9.1,10,1,False,615.1,327,0.0030581039755351682
91,1,0,0,129.9,112,173.3,83,247.2,130,11.2,3,3,False,561.6000000000001,328,0.009146341463414634
75,0,1,21,175.8,97,217.5,106,237.5,134,5.3,4,5,False,636.0999999999999,341,0.01466275659824047
91,0,0,0,203.1,106,210.1,113,195.6,129,12.0,3,3,False,620.8,351,0.008547008547008548
127,0,1,36,183.2,117,126.8,76,263.3,71,11.2,8,1,False,584.5,272,0.003676470588235294
113,0,1,23,205.0,101,152.0,60,158.6,59,10.2,5,2,False,525.8000000000001,225,0.008888888888888889
110,0,0,0,148.5,115,276.4,84,193.6,112,12.4,3,1,False,630.9,314,0.0031847133757961785
120,0,1,39,200.3,68,220.4,97,253.8,116,10.5,4,0,False,685.0,285,0.0
157,0,1,28,192.6,107,195.5,74,109.7,139,6.8,5,3,False,504.6,325,0.009230769230769232
103,0,0,0,246.5,47,195.5,84,200.5,96,11.7,4,1,False,654.2,231,0.004329004329004329
117,1,0,0,167.1,86,177.5,87,249.4,132,14.1,7,2,True,608.1,312,0.00641025641025641
140,0,0,0,231.9,101,160.1,94,110.4,98,14.3,6,3,False,516.6999999999999,299,0.010033444816053512
83,1,0,0,271.5,87,216.3,126,121.1,105,11.7,4,1,False,620.6,322,0.003105590062111801
145,0,1,43,257.7,97,162.1,95,286.9,86,11.1,4,2,False,717.8,282,0.0070921985815602835
113,0,0,0,193.8,99,221.4,125,172.3,67,10.6,6,1,False,598.1,297,0.003367003367003367
56,0,0,0,226.0,112,248.5,118,140.5,142,6.9,11,1,False,621.9,383,0.0026109660574412533
96,0,0,0,260.4,115,146.0,46,269.5,87,11.5,4,5,False,687.4,252,0.01984126984126984
151,0,0,0,178.7,116,292.1,138,265.9,101,9.8,4,0,False,746.5,359,0.0
83,0,0,0,337.4,120,227.4,116,153.9,114,15.8,7,0,True,734.4999999999999,357,0.0
139,0,1,23,157.6,129,247.0,96,259.2,112,13.7,2,0,False,677.5,339,0.0
115,0,1,24,142.1,124,183.4,129,164.8,114,9.6,4,1,False,499.90000000000003,371,0.0026954177897574125
87,0,0,0,136.3,97,172.2,108,137.5,101,7.1,5,0,False,453.1,311,0.0
141,0,0,0,217.1,110,241.5,111,253.5,103,12.0,6,0,False,724.1,330,0.0
141,0,1,36,187.5,99,241.4,116,229.5,105,10.5,5,3,False,668.9,325,0.009230769230769232
62,0,0,0,98.9,103,135.4,122,236.6,82,12.2,1,1,False,483.09999999999997,308,0.003246753246753247
146,0,0,0,206.3,151,148.6,89,167.2,91,6.1,3,1,False,528.1999999999999,334,0.0029940119760479044
92,0,1,33,243.1,92,213.8,92,228.7,104,12.1,2,2,False,697.6999999999999,290,0.006896551724137931
185,0,1,31,189.8,126,163.3,133,264.8,126,7.5,3,1,False,625.4000000000001,388,0.002577319587628866
148,0,0,0,202.0,102,243.2,128,261.3,90,10.9,3,1,False,717.4,323,0.0030959752321981426
94,0,1,38,170.1,124,193.3,116,105.9,73,12.8,4,1,False,482.09999999999997,317,0.0031545741324921135
68,0,0,0,237.1,105,223.5,105,97.4,79,13.2,2,1,False,571.2,291,0.003436426116838488
179,0,0,0,219.2,92,149.4,125,244.7,104,6.1,5,0,False,619.4,326,0.0
94,0,0,0,252.6,104,169.0,125,170.9,106,11.1,7,2,False,603.6,342,0.005847953216374269
62,0,0,0,147.1,91,190.4,107,195.2,115,12.2,3,0,False,544.9000000000001,316,0.0
116,0,0,0,173.5,93,194.1,76,208.0,112,16.2,10,3,False,591.8000000000001,291,0.010309278350515464
70,0,0,0,232.1,122,292.3,112,201.2,112,0.0,0,3,False,725.5999999999999,346,0.008670520231213872
94,1,1,23,197.1,125,214.5,136,282.2,103,9.5,5,4,False,703.3,369,0.01084010840108401
126,0,0,0,58.2,94,138.7,118,136.8,91,11.9,1,5,True,345.59999999999997,304,0.01644736842105263
67,0,1,36,115.6,111,237.7,94,169.9,103,9.9,12,2,False,533.0999999999999,320,0.00625
19,0,0,0,186.1,98,254.3,57,214.0,127,14.6,7,2,False,669.0,289,0.006920415224913495
170,1,0,0,259.9,68,245.0,122,134.4,121,8.4,3,3,False,647.6999999999999,314,0.009554140127388535
73,0,0,0,214.3,145,268.5,135,241.2,92,10.8,13,1,False,734.8,385,0.0025974025974025974
106,0,0,0,158.7,74,64.3,139,198.5,103,10.2,4,1,False,431.7,320,0.003125
164,0,0,0,160.6,111,163.2,126,187.1,112,9.0,3,1,False,519.9,352,0.002840909090909091
51,0,0,0,232.4,109,187.4,95,231.2,107,9.1,3,1,False,660.1,314,0.0031847133757961785
107,0,0,0,133.8,85,180.5,94,112.2,115,8.9,4,0,False,435.4,298,0.0
130,0,0,0,176.9,109,90.7,104,238.0,69,9.5,2,1,False,515.1,284,0.0035211267605633804
80,0,0,0,209.9,74,195.1,77,208.2,119,8.8,4,2,False,622.0,274,0.0072992700729927005
94,0,0,0,137.5,118,203.2,88,150.0,131,13.4,2,0,False,504.09999999999997,339,0.0
118,0,1,23,289.5,52,166.6,111,119.1,88,9.5,4,1,False,584.7,255,0.00392156862745098
117,0,1,23,198.1,86,177.0,86,180.5,92,6.8,6,1,False,562.4,270,0.003703703703703704
78,0,0,0,149.7,119,182.2,115,261.5,126,9.7,8,0,False,603.1,368,0.0
131,1,1,26,292.9,101,199.7,97,255.3,127,13.8,7,4,True,761.6999999999999,332,0.012048192771084338
63,0,0,0,83.0,64,177.0,106,245.7,89,13.0,3,0,False,518.7,262,0.0
53,0,1,24,145.7,146,220.5,136,249.9,96,13.1,5,3,False,629.2,383,0.007832898172323759
62,0,0,0,182.3,101,328.2,93,245.0,131,11.2,1,2,False,766.7,326,0.006134969325153374
97,0,0,0,218.0,86,184.0,94,240.5,110,6.4,8,3,False,648.9,298,0.010067114093959731
105,0,0,0,140.6,109,178.6,51,217.0,83,6.8,3,2,False,543.0,246,0.008130081300813009
157,0,0,0,152.7,105,257.5,80,198.1,93,9.4,4,1,False,617.6999999999999,282,0.0035460992907801418
66,0,1,36,106.7,76,209.8,77,190.4,117,12.1,2,1,False,519.0,272,0.003676470588235294
38,0,0,0,194.4,94,186.7,95,223.3,90,10.8,5,3,False,615.2,284,0.01056338028169014
106,0,0,0,213.9,95,151.9,70,260.1,124,12.2,5,3,False,638.1000000000001,294,0.01020408163265306
99,0,0,0,217.2,112,246.7,89,226.1,89,15.8,7,3,False,705.8,297,0.010101010101010102
144,1,0,0,203.5,100,247.6,103,194.3,94,11.9,11,0,False,657.3000000000001,308,0.0
82,0,1,24,155.2,131,244.5,106,122.4,68,10.7,3,1,False,532.8000000000001,308,0.003246753246753247
86,0,1,31,167.6,139,113.0,118,246.9,121,12.2,6,1,False,539.7,384,0.0026041666666666665
70,1,0,0,226.7,98,228.1,115,73.2,93,17.6,4,2,True,545.6,310,0.0064516129032258064
93,0,0,0,179.3,93,178.6,98,225.2,131,11.5,6,3,False,594.5999999999999,328,0.009146341463414634
93,0,0,0,151.4,89,186.4,76,172.5,120,10.9,3,0,False,521.2,288,0.0
120,0,0,0,180.0,80,224.2,82,265.4,91,4.7,7,3,False,674.3,260,0.011538461538461539
136,0,0,0,250.2,121,267.1,118,151.0,114,13.0,2,1,True,681.3,355,0.0028169014084507044
106,0,0,0,223.0,121,110.1,98,188.7,107,7.1,12,0,False,528.9,338,0.0
81,0,0,0,183.6,116,152.6,98,212.2,99,12.2,6,3,False,560.6,319,0.009404388714733543
127,0,1,22,166.0,114,174.5,103,244.9,68,10.2,6,1,False,595.6,291,0.003436426116838488
35,0,0,0,149.3,113,242.2,122,174.3,104,8.9,6,2,False,574.6999999999999,345,0.005797101449275362
88,0,0,0,65.4,97,168.2,76,236.0,113,13.8,1,2,False,483.40000000000003,287,0.006968641114982578
123,0,0,0,206.9,85,244.7,78,221.5,136,7.7,2,3,False,680.8000000000001,301,0.009966777408637873
126,0,1,27,186.2,78,189.6,83,76.5,139,9.6,3,2,False,461.9,303,0.006600660066006601
104,0,1,23,280.2,136,220.5,92,136.9,102,13.3,3,4,False,650.9,333,0.012012012012012012
93,1,0,0,312.0,109,129.4,100,217.6,74,10.5,2,0,True,669.5,285,0.0
63,1,1,36,199.0,110,291.3,111,197.6,92,11.0,6,1,False,698.9,319,0.003134796238244514
100,0,0,0,203.1,96,217.0,126,180.9,122,13.5,2,3,False,614.5,346,0.008670520231213872
53,0,0,0,168.8,97,220.3,87,154.3,113,10.9,2,0,False,554.3000000000001,299,0.0
92,1,0,0,173.1,140,240.3,105,233.2,117,9.0,5,1,False,655.5999999999999,367,0.0027247956403269754
110,0,1,40,202.6,103,118.8,128,234.9,98,9.0,9,2,False,565.3,338,0.005917159763313609
110,0,0,0,74.5,117,200.8,98,192.2,101,9.8,7,3,False,477.3,323,0.009287925696594427
73,0,0,0,192.2,86,168.6,116,139.8,87,9.4,6,1,False,509.99999999999994,295,0.003389830508474576
138,0,0,0,220.2,89,88.3,125,195.3,79,12.9,5,0,False,516.7,298,0.0
137,1,0,0,135.1,95,134.1,102,223.1,81,12.3,2,2,True,504.59999999999997,280,0.007142857142857143
36,0,0,0,253.4,77,182.4,151,275.8,103,8.4,2,1,False,720.0,333,0.003003003003003003
85,0,0,0,225.0,81,176.9,63,194.3,110,7.1,2,3,False,603.3000000000001,256,0.01171875
108,0,0,0,198.5,99,267.8,60,354.9,75,9.4,3,0,True,830.6,237,0.0
22,0,0,0,110.3,107,166.5,93,202.3,96,9.5,5,0,False,488.6,301,0.0
107,0,1,37,60.0,102,102.2,80,261.8,106,11.1,3,0,False,435.1,291,0.0
51,0,0,0,214.8,94,149.7,58,283.4,66,10.2,5,0,False,658.1,223,0.0
33,0,1,29,157.4,99,117.9,80,279.2,79,13.9,11,4,True,568.4,269,0.01486988847583643
106,0,0,0,207.9,91,172.0,109,191.8,143,14.4,7,4,False,586.1,350,0.011428571428571429
82,0,0,0,207.0,90,232.9,83,172.4,108,9.1,8,3,False,621.4,289,0.010380622837370242
97,1,0,0,143.7,117,273.0,82,178.3,81,10.9,3,0,False,605.9,283,0.0
108,0,0,0,138.6,122,172.3,117,231.6,92,9.8,3,1,False,552.3,334,0.0029940119760479044
114,0,0,0,84.7,118,249.9,86,193.4,95,14.5,8,1,False,542.5,307,0.003257328990228013
59,0,0,0,155.2,79,235.3,123,169.4,80,8.7,4,1,False,568.6,286,0.0034965034965034965
24,0,1,25,164.9,110,209.3,105,231.2,55,6.7,9,1,False,612.1000000000001,279,0.0035842293906810036
151,0,0,0,134.5,88,143.1,112,223.9,61,15.4,1,1,False,516.9,262,0.003816793893129771
117,0,0,0,143.3,103,211.3,108,185.2,96,11.5,3,1,False,551.3,310,0.0032258064516129032
114,0,1,30,206.2,79,260.0,91,291.6,83,11.4,6,1,False,769.1999999999999,259,0.003861003861003861
114,0,1,28,225.8,94,193.0,117,232.4,100,8.4,9,4,False,659.6,320,0.0125
119,0,0,0,138.3,89,170.5,78,263.9,98,13.5,6,3,False,586.2,271,0.01107011070110701
118,1,0,0,160.0,123,175.4,96,184.8,99,9.9,3,2,False,530.1,321,0.006230529595015576
101,0,0,0,206.6,105,224.9,117,249.9,100,14.6,3,0,False,696.0,325,0.0
117,0,0,0,134.7,121,180.0,83,200.9,104,7.7,3,1,False,523.3000000000001,311,0.003215434083601286
49,0,1,28,214.4,78,235.2,100,206.2,107,8.0,13,3,False,663.8,298,0.010067114093959731
139,0,0,0,192.8,104,234.4,96,203.2,101,13.0,3,3,False,643.4000000000001,304,0.009868421052631578
92,0,1,28,151.1,90,194.8,79,239.2,114,10.0,3,1,False,595.0999999999999,286,0.0034965034965034965
148,1,0,0,218.9,88,208.0,85,203.3,99,11.1,4,0,False,641.3000000000001,276,0.0
131,0,1,25,192.7,85,225.9,105,254.2,59,10.9,6,2,False,683.6999999999999,255,0.00784313725490196
146,1,0,0,204.4,135,219.1,90,222.7,114,10.5,6,3,False,656.7,345,0.008695652173913044
48,0,1,37,211.7,115,159.9,84,144.1,80,12.2,1,1,False,527.9000000000001,280,0.0035714285714285713
86,0,1,28,221.6,74,288.4,100,240.3,105,9.0,2,1,False,759.3,281,0.0035587188612099642
71,0,0,0,197.9,108,181.5,109,281.4,56,6.7,5,3,False,667.5,278,0.01079136690647482
137,0,0,0,206.4,122,128.0,102,194.5,84,8.8,5,2,False,537.6999999999999,313,0.006389776357827476
137,0,0,0,205.9,88,209.3,86,289.9,84,14.5,4,2,False,719.6,262,0.007633587786259542
167,0,0,0,207.6,88,132.4,63,255.2,98,14.1,5,0,False,609.3000000000001,254,0.0
132,0,0,0,99.5,110,129.1,80,125.1,124,9.7,3,0,False,363.4,317,0.0
94,0,0,0,177.1,112,194.0,112,146.7,108,5.9,4,1,False,523.6999999999999,336,0.002976190476190476
96,0,1,18,172.7,86,133.4,113,259.5,70,9.8,3,1,False,575.4,272,0.003676470588235294
166,0,0,0,204.2,115,179.9,152,216.8,109,9.5,5,1,False,610.4000000000001,381,0.0026246719160104987
74,0,0,0,85.7,83,247.7,67,142.4,85,10.1,5,2,False,485.9,240,0.008333333333333333
36,0,0,0,157.6,117,184.3,58,240.4,99,11.9,1,0,False,594.1999999999999,275,0.0
113,0,0,0,215.5,129,218.7,117,207.1,91,6.6,9,4,False,647.9,346,0.011560693641618497
67,0,0,0,171.7,80,110.4,81,195.4,111,11.9,4,2,False,489.4,276,0.007246376811594203
158,0,0,0,158.0,106,292.5,114,241.1,89,9.1,4,1,False,700.7,313,0.003194888178913738
136,0,0,0,92.0,117,253.6,77,214.1,90,10.3,10,1,False,570.0,294,0.003401360544217687
196,0,0,0,234.0,109,249.5,114,173.1,70,9.1,5,2,False,665.7,298,0.006711409395973154
113,0,0,0,272.1,111,268.5,118,213.8,105,8.5,10,1,True,762.9000000000001,344,0.0029069767441860465
112,0,0,0,194.4,101,190.3,82,183.4,107,11.4,2,0,False,579.5,292,0.0
209,0,0,0,227.2,128,258.4,92,183.5,74,8.9,4,3,False,677.9999999999999,298,0.010067114093959731
62,0,0,0,248.7,109,220.0,118,265.7,78,13.2,2,1,True,747.6,307,0.003257328990228013
110,0,1,38,236.3,102,195.9,112,183.5,82,9.7,6,1,False,625.4000000000001,302,0.0033112582781456954
16,0,0,0,205.6,69,169.5,93,220.1,64,10.9,3,0,False,606.1,229,0.0
73,0,0,0,94.1,136,280.3,122,205.0,77,9.8,4,0,False,589.1999999999999,339,0.0
128,0,0,0,125.2,99,205.4,107,254.4,111,18.9,2,0,False,603.9,319,0.0
39,0,0,0,60.4,158,306.2,120,123.9,46,12.4,3,1,False,502.9,327,0.0030581039755351682
103,0,1,28,121.0,105,270.4,100,160.5,76,7.7,4,2,False,559.6,285,0.007017543859649123
119,0,1,29,117.8,66,256.8,114,147.6,76,7.6,3,3,False,529.8000000000001,259,0.011583011583011582
173,0,1,21,232.4,96,211.9,118,273.0,102,5.0,5,3,False,722.3,321,0.009345794392523364
128,1,1,32,223.5,81,188.8,74,154.9,101,9.4,2,2,True,576.6,258,0.007751937984496124
86,0,0,0,176.3,79,259.2,97,287.4,78,6.2,3,0,False,729.1,257,0.0
114,0,1,32,125.2,79,177.8,105,232.4,89,12.9,3,1,False,548.3,276,0.0036231884057971015
104,0,0,0,138.7,107,256.9,113,234.9,74,10.0,3,0,False,640.5,297,0.0
148,0,0,0,86.3,134,246.6,92,251.6,91,11.3,4,1,False,595.8,321,0.003115264797507788
129,0,0,0,207.0,91,154.9,121,245.1,112,13.4,5,3,False,620.4,329,0.00911854103343465
100,0,1,30,58.8,104,219.5,107,152.3,118,7.1,3,0,False,437.70000000000005,332,0.0
143,0,1,33,239.2,109,235.5,112,156.3,95,9.5,4,1,False,640.5,320,0.003125
76,0,0,0,198.3,130,217.1,86,188.4,96,12.5,3,0,False,616.3,315,0.0
158,0,0,0,205.2,97,240.6,77,79.7,108,14.4,12,0,False,539.9,294,0.0
116,0,0,0,192.1,98,312.9,135,130.2,94,7.9,2,3,False,643.1,329,0.00911854103343465
54,0,0,0,272.6,83,248.7,74,197.4,111,9.5,2,1,True,728.1999999999999,270,0.003703703703703704
86,0,0,0,128.3,121,197.1,93,138.4,152,12.2,5,7,True,475.99999999999994,371,0.018867924528301886
108,0,0,0,169.6,99,264.1,87,206.3,78,9.3,4,0,False,649.3,268,0.0
66,0,0,0,201.3,95,152.8,66,233.2,101,7.5,4,1,False,594.8,266,0.0037593984962406013
151,0,1,17,214.7,97,138.5,90,169.1,44,8.6,4,1,False,530.9,235,0.00425531914893617
99,0,0,0,169.2,70,271.5,77,170.2,104,10.6,2,0,False,621.5,253,0.0
55,0,0,0,194.1,121,176.6,110,302.8,136,7.0,7,2,False,680.5,374,0.0053475935828877
78,0,0,0,225.1,67,199.2,127,175.5,102,14.6,2,0,False,614.4,298,0.0
89,0,0,0,213.0,63,176.6,71,262.6,126,9.1,1,1,True,661.3000000000001,261,0.0038314176245210726
101,0,0,0,183.9,115,255.9,101,275.0,145,10.8,11,1,False,725.5999999999999,372,0.002688172043010753
44,0,1,34,221.8,105,161.7,85,227.7,62,14.0,7,0,False,625.2,259,0.0
98,0,1,21,64.6,98,176.1,86,244.8,84,0.0,0,2,False,485.5,268,0.007462686567164179
64,0,1,37,154.6,92,83.4,103,165.9,99,13.3,3,1,False,417.2,297,0.003367003367003367
141,0,0,0,260.2,131,179.2,120,135.0,119,7.2,8,3,False,581.6,378,0.007936507936507936
81,0,1,33,161.6,117,123.0,90,261.3,101,12.2,5,1,False,558.1000000000001,313,0.003194888178913738
162,0,0,0,220.6,117,155.2,121,186.7,89,10.5,11,1,False,573.0,338,0.0029585798816568047
83,0,1,41,155.9,122,162.3,107,127.6,105,13.1,5,3,False,458.9000000000001,339,0.008849557522123894
100,0,0,0,107.0,63,105.7,67,243.1,74,12.8,3,4,True,468.59999999999997,207,0.01932367149758454
59,0,0,0,182.5,104,204.7,95,229.9,100,11.3,8,4,False,628.4,307,0.013029315960912053
179,1,1,38,220.1,78,234.3,71,237.3,85,10.1,4,4,False,701.8000000000001,238,0.01680672268907563
79,0,0,0,152.2,112,177.2,132,96.4,87,5.3,3,1,False,431.09999999999997,334,0.0029940119760479044
117,0,0,0,181.5,95,205.1,88,204.0,82,14.7,9,2,False,605.3000000000001,274,0.0072992700729927005
31,0,0,0,166.1,105,79.3,93,213.7,98,12.7,2,1,False,471.79999999999995,298,0.003355704697986577
122,0,1,23,134.2,85,227.3,132,122.4,96,8.5,2,2,False,492.4,315,0.006349206349206349
37,1,1,39,149.7,122,211.1,75,114.3,90,9.2,4,1,False,484.29999999999995,291,0.003436426116838488
90,0,1,29,150.1,109,264.7,103,178.4,97,5.8,4,1,False,598.9999999999999,313,0.003194888178913738
159,1,0,0,257.1,53,312.2,127,183.0,82,8.8,6,1,True,761.0999999999999,268,0.0037313432835820895
39,0,1,36,141.7,121,232.3,113,222.1,131,12.0,5,1,False,608.1,370,0.002702702702702703
194,0,0,0,162.3,88,213.7,118,192.1,81,10.9,2,0,False,579.0,289,0.0
154,0,0,0,350.8,75,216.5,94,253.9,100,10.1,9,1,True,831.3,278,0.0035971223021582736
112,0,0,0,193.3,96,264.1,123,128.6,115,9.1,3,4,False,595.1,337,0.011869436201780416
45,0,0,0,78.2,127,253.4,108,255.0,100,18.0,3,1,False,604.6,338,0.0029585798816568047
132,0,0,0,83.4,110,232.2,137,146.7,114,7.6,5,1,False,469.90000000000003,366,0.00273224043715847
128,0,0,0,195.6,99,267.8,120,164.9,76,16.0,2,0,False,644.3,297,0.0
56,0,0,0,197.0,110,222.8,102,225.3,91,10.6,6,2,False,655.7,309,0.006472491909385114
151,1,0,0,218.0,57,114.4,88,269.2,95,12.4,1,0,True,613.9999999999999,241,0.0
32,0,0,0,164.8,98,229.9,96,167.3,108,14.8,2,2,False,576.8,304,0.006578947368421052
90,0,0,0,179.2,77,210.7,99,276.9,58,9.2,6,2,False,676.0,240,0.008333333333333333
138,0,0,0,170.5,87,118.2,116,187.9,111,11.2,7,2,False,487.8,321,0.006230529595015576
79,0,0,0,205.7,123,214.5,108,226.1,106,6.7,18,1,False,653.0,355,0.0028169014084507044
95,1,0,0,165.5,84,286.2,112,198.9,89,11.5,2,1,True,662.1,287,0.003484320557491289
127,0,0,0,221.0,100,160.7,113,233.1,96,6.8,4,2,False,621.5999999999999,313,0.006389776357827476
137,0,0,0,242.1,118,191.0,93,218.6,50,14.7,2,3,False,666.4000000000001,263,0.011406844106463879
97,0,0,0,151.6,107,155.4,96,240.0,112,14.7,4,1,False,561.7,319,0.003134796238244514
149,1,0,0,176.2,87,145.0,81,249.5,92,5.7,4,0,False,576.4000000000001,264,0.0
117,1,1,22,196.0,82,322.7,82,225.6,120,3.7,5,1,False,748.0000000000001,289,0.0034602076124567475
84,0,0,0,159.5,125,247.1,90,187.9,82,7.2,4,2,False,601.7,301,0.006644518272425249
137,0,0,0,230.2,113,220.4,79,204.7,111,10.7,7,4,False,666.0,310,0.012903225806451613
99,0,0,0,146.7,64,274.0,99,321.3,98,8.9,1,3,False,750.9,262,0.011450381679389313
85,0,0,0,102.0,95,270.2,139,148.2,105,10.7,3,1,False,531.1,342,0.0029239766081871343
150,0,0,0,126.0,99,238.5,73,285.1,100,10.2,6,3,False,659.8000000000001,278,0.01079136690647482
43,0,0,0,168.4,125,243.8,89,214.7,102,11.1,2,1,False,638.0000000000001,318,0.0031446540880503146
98,0,0,0,206.5,92,176.2,152,232.8,115,12.4,5,5,False,627.9,364,0.013736263736263736
112,0,0,0,217.1,76,205.2,100,185.7,91,9.4,3,2,False,617.4,270,0.007407407407407408
16,0,0,0,229.6,78,205.7,108,166.2,91,10.8,2,0,True,612.3,279,0.0
98,0,1,22,278.3,89,93.4,143,107.6,42,9.7,5,0,False,489.00000000000006,279,0.0
84,0,0,0,181.5,129,130.7,112,186.5,118,8.5,4,1,False,507.2,363,0.0027548209366391185
66,0,0,0,167.3,91,230.0,68,191.7,118,10.6,5,1,True,599.6,282,0.0035460992907801418
98,0,1,31,121.0,105,218.9,98,226.7,110,12.0,1,1,False,578.5999999999999,314,0.0031847133757961785
74,0,0,0,221.1,124,110.8,94,240.1,112,10.6,3,0,False,582.6,333,0.0
119,0,0,0,222.8,122,163.2,107,160.6,112,11.2,6,1,False,557.8000000000001,347,0.002881844380403458
73,0,0,0,183.4,80,242.0,115,201.4,100,7.5,3,4,False,634.3,298,0.013422818791946308
92,1,0,0,264.3,91,160.9,115,198.6,73,9.3,5,0,False,633.1,284,0.0
21,0,0,0,146.0,78,109.7,79,247.4,108,6.8,7,0,False,509.90000000000003,272,0.0
122,0,0,0,157.1,134,184.9,122,197.2,59,8.5,5,4,True,547.7,320,0.0125
133,1,0,0,127.3,108,251.3,81,135.0,88,10.3,3,1,False,523.9,280,0.0035714285714285713
145,0,0,0,187.9,110,197.0,117,167.0,108,4.8,4,2,False,556.6999999999999,339,0.0058997050147492625
25,0,0,0,178.8,90,141.2,72,203.0,99,8.4,5,2,False,531.4,266,0.007518796992481203
126,0,0,0,256.5,112,199.5,90,188.3,122,7.0,5,3,False,651.3,329,0.00911854103343465
76,0,0,0,169.5,77,124.0,87,219.4,92,10.0,3,0,False,522.9,259,0.0
113,0,0,0,239.7,47,282.9,110,238.4,88,8.7,3,2,True,769.6999999999999,248,0.008064516129032258
224,1,0,0,171.5,99,160.0,103,212.4,102,5.0,2,1,True,548.9,306,0.0032679738562091504
128,0,1,34,142.3,73,194.8,79,239.3,81,16.0,6,1,False,592.4000000000001,239,0.0041841004184100415
115,0,0,0,184.1,98,327.0,73,212.5,106,7.5,6,2,False,731.1,283,0.007067137809187279
141,0,1,28,206.9,126,264.4,126,171.8,124,9.3,11,2,False,652.3999999999999,387,0.00516795865633075
51,0,0,0,259.9,114,176.2,94,77.2,112,15.3,1,1,False,528.5999999999999,321,0.003115264797507788
100,0,0,0,203.8,122,283.1,76,197.3,83,12.5,3,0,False,696.7,284,0.0
96,0,1,45,248.8,124,140.3,77,263.6,102,10.3,2,3,False,663.0,305,0.009836065573770493
163,0,0,0,122.4,129,113.4,108,180.2,97,12.5,7,1,False,428.5,341,0.002932551319648094
67,0,1,40,104.9,65,216.3,93,217.4,128,9.6,9,1,False,548.2,295,0.003389830508474576
49,0,0,0,119.4,69,273.3,92,214.4,153,12.4,7,2,False,619.5,321,0.006230529595015576
46,0,0,0,250.3,100,260.6,90,195.0,104,13.3,2,2,True,719.2,296,0.006756756756756757
148,0,0,0,178.3,98,282.6,110,181.0,98,11.4,4,1,False,653.3000000000001,310,0.0032258064516129032
112,0,0,0,243.4,77,182.1,97,259.2,94,12.8,2,1,False,697.5,270,0.003703703703703704
78,0,0,0,155.0,106,175.3,101,155.6,125,11.8,5,2,False,497.7,337,0.005934718100890208
61,0,1,31,288.7,101,203.8,102,203.2,49,8.6,3,0,False,704.3000000000001,255,0.0
58,0,1,29,240.4,80,118.9,91,164.2,108,11.2,3,1,False,534.7,282,0.0035460992907801418
155,0,0,0,190.3,123,301.3,96,214.6,134,8.0,3,1,False,714.2,356,0.0028089887640449437
100,0,0,0,278.0,76,176.7,74,219.5,126,8.3,4,0,True,682.5,280,0.0
113,0,0,0,155.0,93,330.6,106,189.4,123,13.5,3,1,False,688.5,325,0.003076923076923077
135,0,1,27,273.4,141,154.0,99,245.8,112,12.3,6,1,False,685.5,358,0.002793296089385475
99,0,0,0,155.3,93,265.7,95,145.7,67,12.4,4,0,False,579.1,259,0.0
59,0,1,29,133.1,114,221.2,82,131.6,103,6.8,3,1,False,492.7,302,0.0033112582781456954
135,0,0,0,246.8,129,187.8,121,154.5,109,12.6,5,1,False,601.7,364,0.0027472527472527475
85,1,0,0,165.4,107,196.0,126,349.2,110,9.6,7,2,False,720.1999999999999,350,0.005714285714285714
88,0,0,0,138.3,116,236.0,138,179.1,110,9.6,4,3,False,563.0,368,0.008152173913043478
55,0,0,0,286.7,100,134.4,121,192.9,122,6.9,5,2,False,620.9,348,0.005747126436781609
75,0,0,0,117.3,114,201.1,61,107.9,82,12.2,3,1,False,438.49999999999994,260,0.0038461538461538464
86,0,1,23,225.5,107,246.3,105,245.7,81,9.8,2,0,False,727.3,295,0.0
97,0,0,0,256.4,125,273.9,100,222.7,101,11.1,1,1,True,764.1,327,0.0030581039755351682
88,0,0,0,264.8,124,245.4,112,160.5,115,14.8,2,1,True,685.5,353,0.0028328611898017
54,0,0,0,159.8,99,264.0,64,115.7,70,9.7,7,2,False,549.2,240,0.008333333333333333
11,0,1,28,190.6,86,220.1,122,180.3,80,6.0,3,3,False,597.0,291,0.010309278350515464
109,0,0,0,184.0,120,120.4,119,153.7,86,11.0,3,0,False,469.09999999999997,328,0.0
90,0,0,0,261.8,128,220.6,104,136.6,91,9.6,5,1,False,628.6,328,0.003048780487804878
91,0,0,0,133.7,75,195.3,87,280.5,89,5.9,2,0,False,615.4,253,0.0
105,0,1,23,193.5,85,220.2,90,272.4,111,8.5,5,0,False,694.5999999999999,291,0.0
71,1,0,0,178.2,113,167.8,94,182.1,111,13.6,3,3,True,541.7,321,0.009345794392523364
132,0,1,36,226.2,103,181.6,125,258.8,102,10.5,5,3,True,677.0999999999999,335,0.008955223880597015
112,0,0,0,170.4,103,200.2,71,258.3,100,11.6,4,1,False,640.5000000000001,278,0.0035971223021582736
41,0,1,34,194.4,63,254.9,110,160.2,115,17.2,9,2,False,626.7,297,0.006734006734006734
44,0,0,0,240.3,146,164.6,83,240.7,106,10.6,2,1,False,656.1999999999999,337,0.002967359050445104
78,0,0,0,75.0,116,248.7,87,176.0,83,9.5,6,3,False,509.2,292,0.010273972602739725
149,0,0,0,69.1,117,136.3,100,181.7,53,6.3,3,1,False,393.40000000000003,273,0.003663003663003663
72,0,1,33,96.6,59,315.4,98,163.3,117,6.2,4,4,True,581.5,278,0.014388489208633094
74,0,0,0,148.5,111,146.5,42,289.2,83,9.9,6,3,False,594.1,242,0.012396694214876033
50,0,0,0,258.1,106,161.4,106,225.1,110,11.7,5,1,False,656.3000000000001,327,0.0030581039755351682
141,0,1,23,149.7,112,162.5,118,220.3,115,7.6,2,3,False,540.1,347,0.008645533141210375
140,0,0,0,149.8,134,164.4,98,294.7,124,8.1,2,1,False,617.0000000000001,358,0.002793296089385475
99,0,0,0,190.4,102,158.1,107,271.5,92,11.2,4,2,False,631.2,305,0.006557377049180328
166,0,0,0,181.4,108,253.8,54,112.3,94,11.6,6,1,False,559.1,262,0.003816793893129771
74,0,0,0,155.7,116,173.7,63,257.4,97,8.1,4,0,False,594.9,280,0.0
117,0,0,0,149.9,95,256.1,110,212.7,92,13.3,13,2,False,632.0,310,0.0064516129032258064
85,0,0,0,222.3,132,231.5,101,223.5,75,11.0,2,3,False,688.3,310,0.00967741935483871
36,0,1,16,149.4,111,131.8,113,132.7,87,6.7,2,0,False,420.6,313,0.0
76,0,0,0,204.2,100,292.6,139,244.3,105,10.5,2,0,False,751.6,346,0.0
165,0,0,0,242.9,126,209.8,65,228.4,126,0.0,0,1,False,681.1,317,0.0031545741324921135
130,0,0,0,150.4,119,230.5,99,186.3,76,12.3,4,1,False,579.5,298,0.003355704697986577
92,1,0,0,130.7,113,260.6,122,244.2,98,9.4,2,2,True,644.9,335,0.005970149253731343
18,0,0,0,273.6,93,114.6,116,250.6,120,8.2,4,1,False,647.0000000000001,333,0.003003003003003003
161,1,0,0,156.1,114,180.3,63,179.6,115,11.1,9,2,False,527.1,301,0.006644518272425249
93,0,1,36,178.7,134,178.6,102,126.8,82,8.0,4,2,False,492.09999999999997,322,0.006211180124223602
144,0,0,0,177.5,93,287.4,75,180.5,118,11.9,3,2,False,657.3,289,0.006920415224913495
95,0,0,0,175.2,91,244.4,109,75.8,95,7.5,2,1,False,502.90000000000003,297,0.003367003367003367
124,0,1,28,251.4,104,225.1,89,251.9,121,7.5,5,1,False,735.9,319,0.003134796238244514
93,1,0,0,216.9,61,207.4,120,221.7,110,17.5,5,1,True,663.5,296,0.0033783783783783786
109,1,1,26,217.2,138,145.5,111,280.7,76,9.3,3,0,False,652.6999999999999,328,0.0
80,0,0,0,206.3,97,154.9,98,263.6,82,12.4,12,0,False,637.2,289,0.0
41,0,0,0,159.3,66,125.9,75,261.9,76,11.1,5,1,False,558.2,222,0.0045045045045045045
136,0,1,31,143.1,88,236.6,65,227.8,120,11.4,5,2,False,618.9,278,0.007194244604316547
143,0,1,24,186.6,69,222.0,116,234.9,138,11.6,5,1,False,655.1,328,0.003048780487804878
118,0,1,26,170.8,114,199.5,125,169.7,98,9.6,5,5,True,549.6,342,0.014619883040935672
193,0,1,17,124.0,102,202.9,81,205.1,129,12.3,3,1,False,544.3,315,0.0031746031746031746
73,0,0,0,198.3,94,279.3,101,146.2,87,14.8,8,3,False,638.5999999999999,290,0.010344827586206896
62,0,0,0,172.8,101,204.8,97,240.8,90,9.1,8,2,False,627.5000000000001,296,0.006756756756756757
30,0,1,30,217.4,74,213.8,86,227.2,104,6.6,3,0,False,665.0000000000001,267,0.0
60,1,1,29,265.9,113,215.8,94,108.1,82,14.0,12,0,True,603.8,301,0.0
148,0,1,14,93.6,137,193.8,72,144.9,84,17.5,5,1,False,449.79999999999995,298,0.003355704697986577
96,0,0,0,98.2,100,307.2,88,182.5,120,7.6,1,2,False,595.5,309,0.006472491909385114
87,0,0,0,168.2,92,224.7,100,169.5,99,12.9,3,1,False,575.3,294,0.003401360544217687
41,0,0,0,202.9,97,153.8,104,113.5,92,9.0,3,3,False,479.20000000000005,296,0.010135135135135136
112,0,0,0,261.4,108,154.5,102,130.9,90,11.6,2,1,False,558.4,302,0.0033112582781456954
88,0,0,0,73.3,86,161.4,82,239.6,76,8.2,3,4,True,482.49999999999994,247,0.016194331983805668
122,0,1,27,253.7,84,229.2,109,190.5,123,9.2,5,7,False,682.6,321,0.021806853582554516
61,0,0,0,45.0,108,151.3,74,152.9,94,9.8,6,2,False,359.00000000000006,282,0.0070921985815602835
176,0,0,0,47.4,125,167.8,90,163.1,107,10.5,8,2,False,388.8,330,0.006060606060606061
30,0,0,0,227.4,88,182.5,100,191.7,134,12.5,3,0,False,614.0999999999999,325,0.0
46,0,0,0,124.8,133,157.3,143,199.3,72,8.6,4,2,False,490.00000000000006,352,0.005681818181818182
100,1,0,0,68.5,110,337.1,115,205.2,99,12.1,9,0,False,622.9,333,0.0
47,0,1,37,163.5,77,203.1,102,232.0,87,7.8,4,2,False,606.4,270,0.007407407407407408
77,0,0,0,163.0,112,219.1,89,233.4,66,6.7,3,2,False,622.2,270,0.007407407407407408
98,0,1,38,213.7,61,253.0,104,207.7,73,10.7,5,2,False,685.1,243,0.00823045267489712
125,0,1,36,201.3,117,42.2,78,125.7,104,5.4,3,1,False,374.59999999999997,302,0.0033112582781456954
194,0,0,0,48.4,101,281.1,138,218.5,87,18.2,1,1,False,566.2,327,0.0030581039755351682
128,0,1,40,171.2,88,145.7,109,196.8,93,14.0,6,1,False,527.7,296,0.0033783783783783786
190,0,1,22,166.5,93,183.0,92,121.0,102,8.5,3,0,False,479.0,290,0.0
59,0,0,0,107.8,113,216.6,125,217.5,92,9.9,3,2,False,551.8,333,0.006006006006006006
47,0,1,28,141.3,94,168.0,108,113.5,84,7.8,2,1,False,430.6,288,0.003472222222222222
152,1,1,20,237.5,120,253.4,94,265.2,80,14.2,3,9,True,770.3,297,0.030303030303030304
95,0,1,27,129.5,106,248.9,90,268.0,115,11.9,3,1,False,658.3,314,0.0031847133757961785
31,0,1,31,100.1,54,246.3,97,255.0,131,5.9,3,0,False,607.3,285,0.0
121,0,1,31,237.1,63,205.6,117,196.7,85,10.1,5,4,False,649.5,270,0.014814814814814815
111,0,0,0,172.8,58,183.1,108,158.8,104,7.9,3,4,True,522.6,273,0.014652014652014652
44,0,0,0,288.1,112,258.0,92,192.4,90,10.2,4,3,True,748.7,298,0.010067114093959731
61,1,0,0,78.2,103,195.9,149,108.0,100,10.1,6,2,False,392.20000000000005,358,0.00558659217877095
65,0,0,0,148.7,80,259.0,94,149.5,107,12.7,6,2,False,569.9000000000001,287,0.006968641114982578
74,0,1,25,194.6,84,119.9,103,175.5,75,13.1,2,2,False,503.1,264,0.007575757575757576
123,0,0,0,159.5,77,303.8,92,226.9,120,12.0,4,0,False,702.2,293,0.0
58,0,1,20,194.5,110,213.7,89,236.6,92,9.5,2,1,False,654.3,293,0.0034129692832764505
74,0,0,0,174.1,96,251.1,94,257.6,123,8.3,5,2,True,691.0999999999999,318,0.006289308176100629
125,0,0,0,131.8,97,136.7,100,308.2,119,7.7,6,2,False,584.4000000000001,322,0.006211180124223602
53,0,1,18,146.8,107,310.0,84,178.7,130,7.2,7,0,False,642.7,328,0.0
99,0,1,28,200.7,88,264.2,116,172.7,102,9.1,5,1,False,646.6999999999999,311,0.003215434083601286
99,0,0,0,145.6,106,98.3,106,230.8,83,10.9,5,1,False,485.59999999999997,300,0.0033333333333333335
66,0,1,29,229.4,104,257.4,84,231.5,119,8.0,1,2,False,726.3,308,0.006493506493506494
97,0,0,0,211.0,76,189.0,100,123.0,102,4.7,4,3,False,527.7,282,0.010638297872340425
85,1,0,0,216.0,73,188.2,117,147.1,98,3.6,7,2,False,554.9,295,0.006779661016949152
108,0,0,0,293.0,88,160.6,101,143.9,87,10.0,6,2,False,607.5,282,0.0070921985815602835
133,1,1,32,221.1,137,264.9,99,168.9,108,15.4,4,2,True,670.3,348,0.005747126436781609
51,0,0,0,181.5,108,196.9,87,187.2,119,10.3,2,1,False,575.8999999999999,316,0.0031645569620253164
186,0,1,26,74.3,107,177.3,116,296.3,90,14.5,3,2,False,562.4000000000001,316,0.006329113924050633
44,1,0,0,62.3,92,275.0,82,138.7,108,10.8,3,1,False,486.8,285,0.0035087719298245615
64,0,1,31,228.6,88,248.5,109,167.1,124,9.0,1,3,False,653.2,322,0.009316770186335404
114,0,1,36,309.9,90,200.3,89,183.5,105,14.2,2,1,False,707.9000000000001,286,0.0034965034965034965
92,0,0,0,201.9,74,226.8,119,217.5,80,13.7,6,3,False,659.9000000000001,279,0.010752688172043012
110,0,0,0,149.8,112,180.0,93,140.0,119,11.7,4,2,False,481.5,328,0.006097560975609756
90,0,1,30,183.8,76,229.7,95,144.1,124,7.7,3,1,False,565.3000000000001,298,0.003355704697986577
72,0,1,21,186.7,108,335.0,86,187.2,119,16.5,4,1,False,725.4000000000001,317,0.0031545741324921135
113,0,0,0,209.4,151,347.3,113,246.0,116,7.4,2,1,True,810.1,382,0.002617801047120419
171,0,1,25,223.2,77,183.2,118,150.8,90,10.2,3,3,False,567.4000000000001,288,0.010416666666666666
104,0,0,0,164.2,109,155.4,90,168.9,117,10.7,8,1,False,499.2,324,0.0030864197530864196
165,0,0,0,150.5,75,193.1,93,311.6,93,10.3,2,1,False,665.5,263,0.0038022813688212928
104,0,0,0,234.2,128,293.1,92,183.9,79,9.8,6,0,True,720.9999999999999,305,0.0
110,0,0,0,55.3,102,164.7,124,200.7,108,10.2,5,1,False,430.9,339,0.0029498525073746312
90,1,0,0,221.8,97,203.8,134,215.8,154,8.4,4,1,False,649.8000000000001,389,0.002570694087403599
114,0,0,0,169.6,85,58.9,86,179.3,124,7.4,8,1,False,415.2,303,0.0033003300330033004
109,0,0,0,218.9,105,299.9,87,158.6,110,11.3,4,2,False,688.6999999999999,306,0.006535947712418301
92,0,0,0,176.3,85,93.4,125,207.2,107,9.6,1,2,False,486.50000000000006,318,0.006289308176100629
82,0,1,29,207.2,111,254.1,137,169.3,92,9.5,5,2,False,640.0999999999999,345,0.005797101449275362
90,0,0,0,205.7,138,161.9,83,269.7,104,12.5,6,2,False,649.8,331,0.006042296072507553
87,0,1,28,151.4,95,152.4,97,250.1,109,0.0,0,1,False,553.9,301,0.0033222591362126247
124,0,0,0,157.5,70,130.7,79,193.4,98,9.6,4,3,False,491.20000000000005,251,0.01195219123505976
84,0,0,0,159.0,80,167.9,128,167.6,101,12.3,5,1,False,506.8,314,0.0031847133757961785
75,0,1,46,214.1,62,200.9,111,246.8,126,9.2,6,0,False,671.0,305,0.0
102,0,0,0,102.6,89,246.0,77,170.5,140,9.1,4,2,False,528.2,310,0.0064516129032258064
62,1,0,0,159.7,86,197.5,76,121.6,105,13.9,6,0,True,492.69999999999993,273,0.0
143,0,0,0,202.8,109,165.8,104,143.9,71,4.6,4,1,False,517.1,288,0.003472222222222222
53,0,0,0,57.5,95,265.5,131,244.3,128,11.6,6,3,False,578.9,360,0.008333333333333333
112,0,0,0,335.5,77,212.5,109,265.0,132,12.7,8,2,True,825.7,326,0.006134969325153374
129,0,0,0,139.5,119,289.3,105,129.4,97,13.1,8,0,False,571.3000000000001,329,0.0
28,0,0,0,187.8,94,248.6,86,208.8,124,10.6,5,0,False,655.8000000000001,309,0.0
90,0,0,0,193.7,83,154.2,79,299.0,60,12.7,3,1,False,659.6,225,0.0044444444444444444
151,0,0,0,156.4,108,233.4,118,195.7,141,7.7,6,4,False,593.2,373,0.010723860589812333
41,0,1,37,239.8,110,221.9,115,189.1,100,7.3,1,2,False,658.1,326,0.006134969325153374
48,0,1,43,172.0,111,200.2,64,233.1,96,8.0,5,1,False,613.3,276,0.0036231884057971015
153,0,0,0,195.4,107,154.6,96,142.8,97,11.6,6,1,False,504.40000000000003,306,0.0032679738562091504
110,1,0,0,293.3,79,188.5,90,266.9,91,14.5,4,0,True,763.2,264,0.0
163,0,0,0,191.3,89,193.9,87,268.4,121,12.8,4,1,False,666.4,301,0.0033222591362126247
126,0,0,0,122.4,88,143.8,111,157.0,106,11.5,3,1,False,434.70000000000005,308,0.003246753246753247
126,0,0,0,161.4,110,220.6,125,249.2,78,5.1,2,0,False,636.3000000000001,315,0.0
97,0,0,0,144.2,91,226.7,137,144.6,72,13.8,4,3,False,529.3,304,0.009868421052631578
95,1,1,37,220.2,109,185.3,99,205.1,82,4.1,2,0,True,614.7,292,0.0
87,0,0,0,256.2,105,160.7,102,249.4,80,7.4,2,4,False,673.6999999999999,289,0.01384083044982699
97,0,0,0,112.7,119,217.7,109,152.1,76,6.5,5,1,False,489.0,309,0.003236245954692557
76,0,0,0,299.5,125,226.7,92,210.7,134,13.7,4,0,True,750.6000000000001,355,0.0
140,0,0,0,194.8,107,170.9,99,225.1,93,13.9,4,0,False,604.7,303,0.0
169,0,0,0,100.8,112,230.0,69,193.6,95,9.5,2,0,False,533.9,278,0.0
68,0,1,22,82.5,97,289.9,94,180.0,114,4.8,4,3,False,557.1999999999999,309,0.009708737864077669
122,0,1,34,146.4,104,89.7,103,220.0,91,15.6,4,2,False,471.70000000000005,302,0.006622516556291391
36,0,0,0,177.9,129,224.6,87,306.3,102,10.8,6,2,False,719.5999999999999,324,0.006172839506172839
120,0,1,27,153.5,84,194.0,73,256.5,94,10.2,7,5,False,614.2,258,0.01937984496124031
64,0,1,19,180.1,106,127.5,92,237.4,118,7.5,3,0,False,552.5,319,0.0
13,0,1,31,265.3,94,147.6,95,259.3,117,12.9,1,1,False,685.1,307,0.003257328990228013
106,0,0,0,128.6,83,134.0,114,210.6,113,11.4,2,0,False,484.6,312,0.0
74,0,0,0,165.3,120,198.5,106,208.5,102,9.8,3,1,False,582.0999999999999,331,0.0030211480362537764
83,0,0,0,195.0,92,210.5,83,180.6,92,11.0,13,0,False,597.1,280,0.0
49,0,0,0,213.8,79,265.1,93,239.8,128,15.6,7,0,False,734.3000000000001,307,0.0
111,0,1,24,205.5,114,219.3,99,215.9,95,14.0,4,1,False,654.7,312,0.003205128205128205
50,0,1,22,252.9,112,177.9,99,158.4,146,8.5,4,3,False,597.7,361,0.008310249307479225
88,0,0,0,192.0,91,127.6,127,155.6,125,7.5,5,1,False,482.70000000000005,348,0.0028735632183908046
131,0,1,39,69.1,122,101.3,136,104.8,94,9.1,4,0,False,284.3,356,0.0
79,0,0,0,261.7,97,210.6,48,256.7,83,6.0,3,3,True,735.0,231,0.012987012987012988
140,0,0,0,235.5,81,257.2,130,103.1,111,11.5,4,2,False,607.3,326,0.006134969325153374
105,0,0,0,213.4,100,204.9,52,179.7,93,9.5,6,1,False,607.5,251,0.00398406374501992
87,0,1,22,263.8,65,103.4,115,208.1,109,8.5,3,3,False,583.8000000000001,292,0.010273972602739725
96,0,1,31,183.4,126,195.5,106,180.1,93,10.5,5,1,False,569.5,330,0.0030303030303030303
130,0,0,0,242.5,101,102.8,114,142.4,89,9.3,2,2,False,497.00000000000006,306,0.006535947712418301
34,0,0,0,151.0,102,131.4,101,186.6,86,9.9,7,0,False,478.9,296,0.0
139,0,0,0,138.1,103,164.5,100,134.9,63,8.3,2,1,False,445.8,268,0.0037313432835820895
63,0,0,0,211.2,80,237.7,93,259.2,58,12.3,2,0,False,720.3999999999999,233,0.0
152,0,0,0,197.1,126,130.1,76,78.1,100,7.4,4,3,False,412.69999999999993,306,0.00980392156862745
147,0,0,0,205.3,95,166.7,128,240.6,84,7.8,4,1,False,620.4,311,0.003215434083601286
112,0,1,22,181.8,110,228.1,123,262.7,141,9.2,4,2,False,681.8,378,0.005291005291005291
120,0,0,0,252.0,120,150.2,106,151.8,96,9.6,1,2,False,563.6,323,0.006191950464396285
171,0,0,0,231.2,135,188.7,74,206.9,124,12.3,1,1,False,639.0999999999999,334,0.0029940119760479044
101,0,1,33,200.1,108,188.9,122,205.1,90,15.5,4,0,False,609.6,324,0.0
151,0,0,0,175.3,106,144.3,87,160.2,88,11.8,5,0,False,491.6,286,0.0
60,0,0,0,125.1,99,248.8,62,211.3,79,11.2,3,3,False,596.4000000000001,243,0.012345679012345678
42,0,0,0,241.2,134,116.5,114,152.2,91,10.6,4,0,False,520.5,343,0.0
84,0,0,0,217.1,99,236.0,68,118.3,120,9.4,4,1,False,580.8,291,0.003436426116838488
65,0,0,0,195.4,110,181.2,109,178.5,105,8.9,4,0,False,564.0,328,0.0
75,1,0,0,222.4,78,327.0,111,208.0,104,8.7,9,1,True,766.1,302,0.0033112582781456954
189,0,1,38,256.7,98,150.5,120,123.0,87,11.4,3,3,False,541.6,308,0.00974025974025974
63,0,1,32,30.9,113,187.0,113,230.8,101,8.6,7,1,False,457.30000000000007,334,0.0029940119760479044
108,0,0,0,187.4,101,199.9,126,216.1,107,12.6,8,1,False,616.0,342,0.0029239766081871343
71,0,0,0,277.5,104,131.8,121,126.9,101,8.2,2,1,False,544.4000000000001,328,0.003048780487804878
137,0,0,0,147.2,119,192.8,91,172.7,105,10.2,4,1,False,522.9000000000001,319,0.003134796238244514
82,0,0,0,185.8,36,276.5,134,192.1,104,5.7,7,4,False,660.1,281,0.014234875444839857
96,0,0,0,97.6,98,105.5,118,220.2,105,11.6,9,1,False,434.9,330,0.0030303030303030303
37,0,0,0,206.0,89,186.0,88,307.1,86,8.4,11,0,False,707.5,274,0.0
98,0,0,0,216.8,86,190.8,114,187.5,79,11.0,9,0,False,606.1,288,0.0
121,0,0,0,103.3,110,129.1,82,167.1,113,10.7,3,0,False,410.2,308,0.0
94,0,0,0,139.4,95,159.1,92,128.2,129,7.7,3,0,False,434.4,319,0.0
99,0,0,0,191.2,110,163.9,102,243.6,114,14.1,3,1,False,612.8000000000001,329,0.00303951367781155
163,0,1,23,160.0,104,189.4,64,229.9,118,10.4,7,1,False,589.6999999999999,293,0.0034129692832764505
161,0,0,0,221.7,95,193.0,82,194.1,113,6.5,4,3,False,615.3,294,0.01020408163265306
99,0,0,0,62.9,81,231.0,64,168.9,121,8.5,5,1,False,471.29999999999995,271,0.0036900369003690036
108,0,0,0,215.6,78,195.3,119,194.4,65,3.6,5,1,False,608.9,267,0.003745318352059925
84,0,1,42,165.3,97,223.5,118,260.8,72,7.6,7,3,False,657.2,294,0.01020408163265306
139,0,0,0,203.2,81,152.5,99,197.8,76,9.7,3,2,False,563.2,259,0.007722007722007722
69,0,0,0,195.3,70,216.7,108,259.9,119,12.5,4,3,False,684.4,301,0.009966777408637873
129,0,0,0,143.7,114,297.8,98,212.6,86,11.4,8,4,False,665.5,306,0.013071895424836602
106,0,0,0,114.4,104,78.3,101,232.7,78,0.0,0,2,False,425.4,283,0.007067137809187279
168,0,1,22,175.9,70,211.7,105,174.5,81,7.3,5,2,False,569.4,261,0.007662835249042145
57,1,1,30,234.5,130,195.2,116,268.8,94,11.4,4,2,False,709.9,344,0.005813953488372093
67,0,0,0,210.7,116,219.2,86,179.7,83,7.2,6,1,False,616.8,291,0.003436426116838488
127,0,0,0,182.3,124,169.9,110,184.0,116,9.3,3,1,False,545.5,353,0.0028328611898017
78,0,0,0,190.3,88,194.5,89,256.5,109,11.7,5,2,False,653.0,291,0.006872852233676976
100,0,1,38,177.1,88,163.7,108,242.7,72,7.4,2,0,False,590.9,270,0.0
113,0,0,0,215.6,96,193.4,127,105.4,115,13.5,3,1,False,527.9,341,0.002932551319648094
78,0,0,0,137.4,109,237.6,49,206.7,136,14.0,11,3,False,595.7,305,0.009836065573770493
129,0,1,36,192.8,103,177.0,83,216.5,118,16.4,5,1,False,602.6999999999999,309,0.003236245954692557
57,0,0,0,149.3,100,200.2,110,231.7,101,11.9,3,2,False,593.1,314,0.006369426751592357
82,0,0,0,143.7,116,170.7,99,287.7,95,7.8,5,1,False,609.8999999999999,315,0.0031746031746031746
94,0,0,0,271.2,105,202.6,105,221.6,51,11.5,3,3,True,706.9,264,0.011363636363636364
90,0,0,0,207.2,121,292.5,104,226.3,103,8.0,1,2,False,734.0,329,0.0060790273556231
48,0,0,0,300.4,94,133.2,103,197.4,94,7.2,5,2,False,638.2,296,0.006756756756756757
85,0,1,37,229.6,123,132.3,90,211.9,76,9.5,8,2,False,583.3,297,0.006734006734006734
93,1,1,20,187.5,110,169.8,94,175.3,127,12.1,4,1,False,544.7,335,0.0029850746268656717
169,1,0,0,57.1,98,199.7,78,274.7,103,6.5,6,3,False,538.0,285,0.010526315789473684
68,0,0,0,162.1,86,155.0,86,189.7,87,11.0,9,5,True,517.8,268,0.018656716417910446
91,1,0,0,145.0,89,175.8,102,223.7,151,16.7,3,2,True,561.2,345,0.005797101449275362
68,0,0,0,159.5,123,240.8,93,210.3,76,11.4,3,1,False,622.0,295,0.003389830508474576
101,0,0,0,190.7,72,208.6,103,203.8,111,8.8,8,1,False,611.8999999999999,294,0.003401360544217687
67,0,1,20,230.6,40,189.1,58,162.2,115,9.4,2,1,False,591.3,215,0.004651162790697674
66,0,0,0,34.0,133,278.6,61,129.6,120,11.5,3,0,False,453.70000000000005,317,0.0
116,0,1,17,193.4,112,240.6,131,248.1,98,11.4,3,5,False,693.5,344,0.014534883720930232
158,0,0,0,202.0,126,163.5,86,195.4,84,10.4,6,1,False,571.3,302,0.0033112582781456954
78,0,0,0,191.7,122,241.4,88,203.5,86,9.1,5,1,False,645.7,301,0.0033222591362126247
119,0,1,26,161.3,97,250.3,110,142.4,92,6.6,8,1,False,560.6,307,0.003257328990228013
120,0,0,0,150.6,85,119.0,128,232.9,123,6.4,2,1,False,508.9,338,0.0029585798816568047
155,0,0,0,184.6,102,196.0,117,226.5,122,7.8,1,1,False,614.9,342,0.0029239766081871343
106,0,0,0,220.7,120,270.2,95,121.6,113,8.7,5,1,False,621.2,333,0.003003003003003003
146,0,1,32,154.0,80,185.5,91,148.2,107,8.2,4,3,False,495.9,282,0.010638297872340425
101,0,1,29,121.1,116,186.4,100,241.7,75,10.1,6,0,False,559.3000000000001,297,0.0
22,0,1,23,182.1,94,164.6,59,128.8,102,12.7,4,3,False,488.2,259,0.011583011583011582
41,0,0,0,209.9,105,121.9,105,253.7,104,9.6,4,1,False,595.1,318,0.0031446540880503146
69,0,0,0,167.5,76,242.1,92,101.2,103,11.4,4,2,False,522.2,275,0.007272727272727273
33,0,0,0,213.9,88,239.8,119,148.7,71,9.8,14,2,False,612.2,292,0.00684931506849315
112,0,0,0,115.8,108,243.3,111,184.6,78,13.1,5,1,False,556.8000000000001,302,0.0033112582781456954
136,0,1,21,179.4,88,181.1,97,320.7,120,9.5,4,2,False,690.7,309,0.006472491909385114
128,0,0,0,187.3,84,270.8,95,206.4,68,10.1,5,1,False,674.6,252,0.003968253968253968
27,0,0,0,201.2,128,227.2,100,145.8,91,8.4,3,2,False,582.6,322,0.006211180124223602
161,1,0,0,189.6,78,267.4,117,184.5,137,1.3,6,1,False,642.8,338,0.0029585798816568047
120,0,1,31,153.5,83,219.1,96,237.4,76,11.4,4,0,False,621.4,259,0.0
113,0,0,0,187.6,97,208.2,118,158.9,101,8.7,6,2,False,563.4,322,0.006211180124223602
122,1,0,0,230.9,132,243.2,99,182.4,57,11.0,2,0,True,667.5,290,0.0
148,0,1,26,244.9,150,118.0,138,236.0,91,15.2,4,2,False,614.1,383,0.005221932114882507
74,0,0,0,230.9,93,223.0,78,157.8,101,9.7,2,3,False,621.4000000000001,274,0.010948905109489052
106,0,0,0,187.1,104,250.2,117,144.9,81,11.0,3,1,False,593.1999999999999,305,0.003278688524590164
179,0,0,0,170.7,54,191.1,108,214.6,107,13.3,4,1,False,589.6999999999999,273,0.003663003663003663
77,0,0,0,189.5,112,207.0,95,214.1,91,9.2,7,0,False,619.8000000000001,305,0.0
127,1,0,0,176.9,110,167.9,100,182.2,138,7.7,2,1,True,534.7,350,0.002857142857142857
80,0,0,0,161.1,99,198.8,81,228.4,116,10.6,4,1,False,598.9,300,0.0033333333333333335
61,0,1,20,254.4,133,161.7,96,251.4,91,10.5,4,0,False,678.0,324,0.0
135,1,1,24,127.7,54,215.0,105,234.3,84,5.8,4,2,False,582.8,247,0.008097165991902834
115,0,1,26,170.5,107,217.2,77,225.7,71,13.6,5,6,False,627.0,260,0.023076923076923078
107,1,0,0,273.5,104,183.8,68,153.8,67,11.0,9,2,False,622.1,248,0.008064516129032258
112,1,0,0,161.9,138,200.9,114,134.0,134,10.7,4,1,False,507.5,390,0.002564102564102564
103,1,0,0,62.8,124,170.4,66,280.2,78,9.4,4,3,False,522.8,272,0.011029411764705883
69,0,0,0,228.2,70,263.7,80,142.6,60,10.7,5,3,False,645.2,215,0.013953488372093023
85,0,0,0,209.8,82,194.5,94,200.4,85,11.3,3,0,False,616.0,264,0.0
24,0,0,0,265.6,86,208.8,102,182.5,105,11.1,6,2,True,668.0000000000001,299,0.006688963210702341
90,0,0,0,214.9,97,117.8,117,133.7,78,11.8,2,2,False,478.2,294,0.006802721088435374
137,0,0,0,110.5,79,223.2,111,169.5,64,10.5,3,3,False,513.7,257,0.011673151750972763
69,1,1,33,271.5,98,253.4,102,165.4,85,8.2,2,1,True,698.5,287,0.003484320557491289
45,0,0,0,112.8,108,218.8,120,240.2,106,9.0,3,2,False,580.8,337,0.005934718100890208
73,0,0,0,187.3,118,239.7,90,167.5,108,15.1,2,1,False,609.6,318,0.0031446540880503146
92,0,0,0,197.0,84,269.3,105,158.9,105,10.8,4,1,False,636.0,298,0.003355704697986577
113,0,1,32,180.4,89,129.4,124,166.9,124,8.4,2,1,False,485.1,339,0.0029498525073746312
135,0,1,22,197.1,113,259.4,95,134.7,135,14.6,5,2,False,605.8000000000001,348,0.005747126436781609
100,0,1,26,153.7,115,137.8,146,213.5,104,15.9,5,1,False,520.9,370,0.002702702702702703
96,0,1,27,261.3,96,220.9,101,179.4,97,11.3,2,1,False,672.9,296,0.0033783783783783786
108,0,0,0,246.2,102,202.4,134,180.1,95,9.4,5,1,False,638.1,336,0.002976190476190476
84,0,0,0,191.0,88,318.8,119,247.3,79,6.5,4,0,False,763.6,290,0.0
134,0,0,0,208.3,86,253.6,89,291.0,86,12.6,3,1,False,765.5,264,0.003787878787878788
72,0,0,0,253.0,73,219.3,78,210.8,89,9.8,4,0,False,692.9,244,0.0
83,0,0,0,202.3,87,201.5,111,101.7,82,6.8,4,0,False,512.3,284,0.0
137,0,0,0,174.4,120,156.3,98,136.5,121,10.2,5,0,False,477.40000000000003,344,0.0
56,0,1,30,127.1,89,172.1,116,194.6,111,12.1,3,1,False,505.9,319,0.003134796238244514
61,1,1,16,143.5,76,242.6,58,147.7,95,11.3,3,0,False,545.0999999999999,232,0.0
171,0,1,17,186.9,94,240.0,138,200.9,64,5.8,3,1,False,633.5999999999999,299,0.0033444816053511705
58,0,0,0,234.8,89,106.8,131,178.5,122,9.9,6,0,False,530.0,348,0.0
156,0,0,0,123.7,96,103.0,80,189.4,82,13.1,4,1,False,429.20000000000005,262,0.003816793893129771
166,0,0,0,173.9,103,276.4,83,190.8,113,15.3,5,0,False,656.3999999999999,304,0.0
75,0,0,0,314.6,102,169.8,86,285.1,100,5.7,3,2,True,775.2,291,0.006872852233676976
83,0,0,0,227.9,78,207.5,115,211.7,100,12.1,5,1,False,659.1999999999999,298,0.003355704697986577
243,0,0,0,95.5,92,163.7,63,264.2,118,6.6,6,2,False,530.0,279,0.007168458781362007
150,0,0,0,146.3,133,202.7,95,234.7,103,13.1,3,1,False,596.8000000000001,334,0.0029940119760479044
92,0,1,16,184.0,99,76.4,134,185.1,96,12.7,3,2,False,458.2,332,0.006024096385542169
80,0,0,0,105.8,110,43.9,88,189.6,87,13.1,5,0,False,352.4,290,0.0
134,0,0,0,178.0,110,153.8,64,236.6,105,11.7,4,1,False,580.1,283,0.0035335689045936395
77,0,1,24,149.4,74,123.9,72,174.3,84,10.1,6,1,False,457.70000000000005,236,0.00423728813559322
147,0,0,0,209.4,104,132.5,78,149.4,123,11.3,3,2,False,502.59999999999997,308,0.006493506493506494
74,0,0,0,172.1,105,211.7,99,182.2,105,11.6,6,1,False,577.6,315,0.0031746031746031746
138,1,0,0,169.3,82,217.9,147,184.2,77,9.4,9,1,False,580.8000000000001,315,0.0031746031746031746
64,0,0,0,194.2,147,173.4,87,268.7,114,5.5,2,2,False,641.8,350,0.005714285714285714
120,0,0,0,198.8,56,230.1,73,119.8,81,9.9,3,2,False,558.5999999999999,213,0.009389671361502348
121,1,0,0,167.7,94,93.7,121,241.3,115,13.4,1,3,True,516.1,331,0.00906344410876133
88,0,0,0,202.2,86,216.8,93,239.4,99,11.8,2,2,False,670.1999999999999,280,0.007142857142857143
104,0,0,0,76.4,116,115.6,74,226.3,94,9.4,3,3,False,427.7,287,0.010452961672473868
27,0,0,0,72.7,75,208.6,117,65.8,71,9.9,3,1,False,357.0,266,0.0037593984962406013
81,0,1,31,210.4,100,225.5,97,168.7,120,9.7,4,0,False,614.3,321,0.0
64,1,1,33,127.2,93,162.9,104,247.4,109,8.1,13,0,False,545.6,319,0.0
107,0,1,28,201.8,79,304.9,128,225.6,133,11.9,8,1,False,744.1999999999999,348,0.0028735632183908046
88,0,1,17,219.5,78,222.1,94,188.3,92,16.1,5,1,False,646.0000000000001,269,0.0037174721189591076
111,0,0,0,99.3,112,270.5,136,225.3,94,9.0,6,3,False,604.1,348,0.008620689655172414
77,0,0,0,239.2,114,150.0,115,160.8,81,10.3,2,5,False,560.3,312,0.016025641025641024
67,1,0,0,120.9,58,235.0,88,95.1,130,11.4,11,2,False,462.4,287,0.006968641114982578
102,0,0,0,224.7,81,129.4,112,167.6,109,15.8,6,1,False,537.5,308,0.003246753246753247
146,0,1,19,176.6,88,162.7,66,215.5,98,14.6,6,1,False,569.4,258,0.003875968992248062
96,0,0,0,180.6,92,190.9,114,295.6,125,10.3,4,1,True,677.4,335,0.0029850746268656717
149,0,0,0,237.6,79,192.4,107,207.4,111,9.1,9,0,False,646.5,306,0.0
129,0,0,0,198.4,91,264.7,106,111.4,101,9.2,2,2,False,583.7,300,0.006666666666666667
166,0,0,0,274.3,110,52.9,109,246.1,119,10.9,5,0,False,584.1999999999999,343,0.0
149,0,0,0,217.7,91,273.5,74,226.9,99,9.6,3,3,False,727.7,267,0.011235955056179775
70,0,0,0,134.7,96,235.9,90,260.2,113,7.6,6,3,False,638.4,305,0.009836065573770493
66,0,0,0,256.3,135,180.2,106,187.3,135,6.2,7,2,False,630.0,383,0.005221932114882507
160,0,0,0,176.2,90,196.0,115,263.9,95,9.2,4,1,False,645.3,304,0.003289473684210526
129,0,1,37,205.0,94,165.4,103,185.0,81,11.7,8,1,False,567.1,286,0.0034965034965034965
93,0,0,0,267.9,114,223.0,74,262.7,90,11.3,3,3,True,764.8999999999999,281,0.010676156583629894
169,0,0,0,179.2,111,175.2,130,228.6,92,9.9,6,2,False,592.9,339,0.0058997050147492625
58,0,0,0,149.4,145,196.5,105,209.5,108,14.9,3,1,False,570.3,361,0.002770083102493075
45,0,0,0,207.6,71,152.7,94,217.8,125,12.4,13,1,False,590.4999999999999,303,0.0033003300330033004
155,0,0,0,165.4,108,183.7,103,80.2,108,8.9,4,3,False,438.2,323,0.009287925696594427
52,0,0,0,209.8,114,171.3,82,154.6,119,9.9,9,4,False,545.6,324,0.012345679012345678
119,0,1,27,220.1,128,268.2,133,146.5,80,11.1,3,0,False,645.9,344,0.0
86,0,0,0,141.3,72,154.3,95,210.6,91,8.2,5,1,False,514.4000000000001,263,0.0038022813688212928
42,0,0,0,196.5,89,241.3,123,143.2,105,4.0,7,0,False,585.0,324,0.0
123,0,0,0,105.0,150,251.6,90,258.0,93,14.9,5,0,False,629.5,338,0.0
98,0,0,0,271.4,119,190.4,102,284.7,118,11.1,6,4,True,757.6,345,0.011594202898550725
149,0,1,43,206.7,79,174.6,122,241.5,80,10.9,3,1,False,633.6999999999999,284,0.0035211267605633804
160,0,0,0,166.8,109,236.0,117,307.6,77,9.3,1,1,False,719.7,304,0.003289473684210526
103,0,0,0,204.9,107,135.2,102,208.2,106,10.4,3,5,False,558.6999999999999,318,0.015723270440251572
132,0,1,15,154.6,128,245.6,106,148.6,90,9.1,4,1,False,557.9,328,0.003048780487804878
137,0,0,0,127.0,107,323.2,75,143.9,127,7.5,2,1,False,601.6,311,0.003215434083601286
129,1,0,0,267.4,78,204.2,85,111.7,146,5.9,4,1,False,589.1999999999999,313,0.003194888178913738
62,0,0,0,281.0,66,160.6,108,77.9,74,0.0,0,1,False,519.5,248,0.004032258064516129
32,0,0,0,171.2,82,185.6,102,203.3,64,10.2,7,1,False,570.3,255,0.00392156862745098
86,0,0,0,124.1,82,202.6,120,289.6,119,6.7,8,3,False,623.0,329,0.00911854103343465
130,0,0,0,162.8,113,290.3,111,114.9,140,7.2,3,1,False,575.2,367,0.0027247956403269754
42,0,0,0,146.3,84,255.9,113,45.0,117,8.0,12,1,False,455.20000000000005,326,0.003067484662576687
73,0,0,0,254.8,85,143.4,80,153.9,102,15.0,7,2,False,567.1,274,0.0072992700729927005
66,0,1,26,254.9,108,243.2,135,190.8,95,5.4,3,2,False,694.3000000000001,341,0.005865102639296188
103,0,1,31,107.7,124,188.9,104,196.2,98,8.9,3,0,False,501.7,329,0.0
128,0,0,0,158.8,75,264.8,91,270.0,77,7.6,7,1,False,701.2,250,0.004
104,0,0,0,182.9,113,239.6,85,229.8,104,5.5,4,2,False,657.8,306,0.006535947712418301
103,0,0,0,198.5,112,42.5,90,179.2,124,12.4,5,0,False,432.59999999999997,331,0.0
87,0,0,0,110.9,91,158.5,115,207.5,131,6.2,5,1,False,483.09999999999997,342,0.0029239766081871343
109,0,1,27,166.9,85,221.2,92,197.3,97,12.3,4,1,True,597.7,278,0.0035971223021582736
97,0,0,0,120.8,96,169.8,101,194.1,63,11.9,3,4,True,496.6,263,0.015209125475285171
106,0,0,0,165.3,118,210.0,101,187.2,93,8.5,3,2,False,571.0,315,0.006349206349206349
125,0,0,0,126.7,113,155.5,131,206.2,112,14.4,7,2,False,502.79999999999995,363,0.005509641873278237
108,0,1,35,215.9,106,200.6,107,195.4,107,15.5,7,0,False,627.4,327,0.0
125,0,0,0,140.1,132,209.6,126,264.1,77,8.0,2,1,False,621.8,337,0.002967359050445104
72,1,1,29,139.8,114,138.2,91,221.0,88,5.5,6,0,False,504.5,299,0.0
23,0,0,0,321.6,107,251.6,115,141.1,158,11.3,3,2,True,725.6,383,0.005221932114882507
149,0,0,0,166.6,61,218.8,107,208.3,131,8.2,6,7,False,601.9000000000001,305,0.022950819672131147
73,0,0,0,214.2,90,196.8,78,157.9,112,5.9,8,0,False,574.8,288,0.0
61,0,0,0,260.0,123,210.5,127,234.7,70,9.0,3,1,True,714.2,323,0.0030959752321981426
161,0,0,0,191.9,113,70.9,87,204.8,107,13.4,4,4,True,481.0,311,0.012861736334405145
118,0,1,24,118.1,83,109.6,72,245.5,73,16.9,2,1,False,490.09999999999997,230,0.004347826086956522
23,0,0,0,190.2,89,166.4,108,219.8,73,15.0,4,6,False,591.4000000000001,274,0.021897810218978103
127,0,1,25,82.2,95,163.3,109,264.9,104,5.1,6,0,False,515.5,314,0.0
42,0,1,32,163.8,80,177.8,123,190.4,106,8.1,5,0,False,540.1,314,0.0
118,0,0,0,267.8,145,316.4,121,208.6,91,14.4,11,5,True,807.2,368,0.01358695652173913
45,0,0,0,159.8,91,120.4,86,163.0,93,10.6,3,2,False,453.80000000000007,273,0.007326007326007326
50,0,1,24,214.3,129,289.8,55,312.5,130,10.6,4,1,False,827.2,318,0.0031446540880503146
179,0,0,0,287.3,123,288.0,114,266.0,112,10.5,4,0,True,851.8,353,0.0
152,0,0,0,101.2,122,141.6,87,198.5,124,7.5,3,2,False,448.8,336,0.005952380952380952
105,0,0,0,102.8,74,281.7,125,228.1,113,13.2,5,2,False,625.8000000000001,317,0.006309148264984227
72,0,0,0,109.1,97,115.7,96,295.8,84,8.3,6,0,False,528.9,283,0.0
52,0,0,0,215.9,67,217.0,108,342.8,130,5.2,2,1,False,780.9000000000001,307,0.003257328990228013
125,0,0,0,203.4,110,128.7,97,190.5,113,11.0,4,1,False,533.6,324,0.0030864197530864196
143,0,0,0,110.1,113,169.0,59,166.7,94,9.2,2,1,False,455.0,268,0.0037313432835820895
65,0,0,0,111.0,51,219.8,84,202.0,89,4.4,14,1,False,537.1999999999999,238,0.004201680672268907
80,0,0,0,239.9,121,142.3,51,364.3,106,9.3,5,1,False,755.8,283,0.0035335689045936395
43,0,0,0,84.2,134,80.8,103,196.1,79,10.8,2,1,False,371.90000000000003,318,0.0031446540880503146
143,0,0,0,209.1,127,106.1,80,179.6,90,14.0,6,0,False,508.79999999999995,303,0.0
81,0,1,24,130.1,117,196.0,61,139.3,123,11.4,5,0,False,476.8,306,0.0
205,0,1,24,175.8,139,155.0,98,180.7,64,7.8,5,2,False,519.3,306,0.006535947712418301
24,0,0,0,241.9,104,145.2,112,214.5,105,6.6,5,1,False,608.2,326,0.003067484662576687
74,0,0,0,136.7,106,228.6,105,265.3,114,9.8,4,0,False,640.3999999999999,329,0.0
74,0,0,0,200.4,87,309.2,105,152.1,118,10.0,2,1,False,671.7,312,0.003205128205128205
74,1,0,0,125.8,103,207.7,96,207.4,143,14.1,4,1,True,555.0,346,0.002890173410404624
200,0,0,0,128.2,87,133.2,105,177.6,123,11.2,2,1,False,450.2,317,0.0031545741324921135
86,0,0,0,226.3,88,223.0,107,255.6,92,13.0,3,4,False,717.9,290,0.013793103448275862
91,0,1,37,162.3,107,233.9,115,277.4,94,9.2,4,0,False,682.8000000000001,320,0.0
130,0,0,0,120.5,127,189.7,52,270.1,107,14.3,2,1,False,594.5999999999999,288,0.003472222222222222
56,0,0,0,91.1,90,179.3,115,300.7,89,11.9,8,2,False,582.9999999999999,302,0.006622516556291391
117,0,0,0,168.8,137,241.4,107,204.8,106,15.5,4,0,False,630.5,354,0.0
126,0,0,0,226.2,88,140.3,114,208.9,110,6.4,2,0,False,581.8,314,0.0
132,0,0,0,191.9,107,206.9,127,272.0,88,12.6,2,1,False,683.4,324,0.0030864197530864196
81,0,1,28,167.9,147,190.7,105,193.0,103,9.2,6,4,True,560.8000000000001,361,0.0110803324099723
122,0,0,0,180.0,88,145.0,77,233.7,120,11.5,6,2,False,570.2,291,0.006872852233676976
46,0,0,0,257.4,67,261.1,91,204.4,107,13.4,5,2,True,736.3,270,0.007407407407407408
99,0,0,0,159.7,83,155.4,121,255.7,114,8.4,3,1,False,579.1999999999999,321,0.003115264797507788
87,0,0,0,237.2,124,222.6,87,173.3,81,11.0,3,1,False,644.0999999999999,295,0.003389830508474576
108,0,0,0,103.0,129,242.3,103,170.2,89,7.9,3,1,False,523.4,324,0.0030864197530864196
53,0,0,0,205.1,86,160.5,95,149.5,142,10.7,2,3,False,525.8000000000001,325,0.009230769230769232
144,1,0,0,150.0,69,285.9,73,190.6,121,9.4,15,0,False,635.9,278,0.0
91,0,1,23,232.4,97,186.0,88,190.5,128,12.3,3,3,False,621.1999999999999,316,0.00949367088607595
58,0,0,0,165.4,100,115.7,87,193.8,118,12.8,5,2,False,487.70000000000005,310,0.0064516129032258064
5,0,0,0,199.2,106,187.3,12,214.0,85,13.3,3,3,False,613.8,206,0.014563106796116505
97,0,0,0,217.6,81,320.5,51,150.7,110,4.2,3,0,False,693.0,245,0.0
142,0,1,30,154.0,75,165.8,97,270.0,83,10.8,5,1,False,600.5999999999999,260,0.0038461538461538464
9,0,1,31,193.8,130,202.6,98,191.2,102,13.3,2,1,False,600.8999999999999,332,0.0030120481927710845
73,0,0,0,175.4,130,248.1,105,122.4,85,12.2,4,0,False,558.1,324,0.0
43,0,0,0,230.2,147,186.7,121,128.4,100,9.2,3,0,False,554.5,371,0.0
122,0,1,33,174.9,103,248.2,105,164.6,116,13.5,3,1,True,601.2,327,0.0030581039755351682
93,0,0,0,190.2,68,262.2,64,130.0,92,8.8,4,0,False,591.1999999999999,228,0.0
85,0,0,0,176.4,122,224.9,123,219.6,50,11.5,1,1,False,632.4,296,0.0033783783783783786
87,0,0,0,228.7,90,163.0,99,154.1,90,11.8,3,1,False,557.5999999999999,282,0.0035460992907801418
137,0,0,0,144.0,90,181.6,100,128.1,93,12.3,2,0,False,466.00000000000006,285,0.0
21,0,1,31,135.9,90,271.0,84,179.1,89,9.5,7,6,False,595.5,270,0.022222222222222223
104,0,0,0,130.5,77,131.2,117,264.7,63,13.0,6,0,False,539.4,263,0.0
93,0,1,21,134.2,105,162.5,128,186.6,90,11.8,2,4,True,495.09999999999997,325,0.012307692307692308
63,0,0,0,278.0,102,266.4,114,224.1,118,13.1,4,4,True,781.6,338,0.011834319526627219
161,0,0,0,105.4,70,214.8,122,223.6,126,7.8,5,0,False,551.6,323,0.0
103,0,1,24,111.8,85,239.6,102,268.3,81,6.9,4,1,False,626.6,272,0.003676470588235294
84,0,1,33,159.1,106,149.8,101,213.4,108,13.0,18,1,False,535.3,333,0.003003003003003003
92,0,0,0,212.4,105,224.6,118,221.3,105,9.0,4,1,False,667.3,332,0.0030120481927710845
77,0,0,0,142.3,112,306.3,111,196.5,82,9.9,1,1,False,655.0,306,0.0032679738562091504
64,1,0,0,346.8,55,249.5,79,275.4,102,13.3,9,1,True,884.9999999999999,245,0.004081632653061225
159,0,1,15,113.9,102,145.3,146,195.2,137,11.8,9,1,False,466.20000000000005,394,0.0025380710659898475
110,1,1,27,267.9,103,263.3,74,178.1,106,8.3,2,1,True,717.6,285,0.0035087719298245615
138,0,0,0,171.4,117,115.2,128,224.5,115,17.0,4,3,False,528.1,364,0.008241758241758242
178,0,0,0,275.4,150,187.5,62,147.1,126,13.6,3,1,False,623.6,341,0.002932551319648094
38,0,1,31,197.2,118,249.9,70,298.9,104,3.9,2,0,False,749.9,294,0.0
45,0,1,26,91.7,104,150.6,119,63.3,103,7.7,5,1,False,313.3,331,0.0030211480362537764
70,0,0,0,126.3,99,141.6,106,255.9,96,9.6,2,0,False,533.4,303,0.0
147,0,1,33,251.5,107,234.1,110,213.4,87,10.4,6,3,False,709.4,310,0.00967741935483871
94,0,0,0,190.6,108,152.3,95,144.7,97,7.5,5,1,False,495.09999999999997,305,0.003278688524590164
179,0,0,0,116.1,101,201.8,99,181.9,103,11.6,5,0,False,511.4,308,0.0
59,0,0,0,179.4,80,232.5,99,175.8,105,14.7,3,0,False,602.4000000000001,287,0.0
165,0,0,0,207.7,109,164.8,94,54.5,91,7.9,3,0,False,434.9,297,0.0
133,0,0,0,277.3,138,228.4,117,117.3,103,12.8,4,2,True,635.8,362,0.0055248618784530384
140,0,0,0,125.3,84,167.6,121,260.6,94,8.4,4,1,False,561.9,303,0.0033003300330033004
93,0,1,32,138.1,91,167.3,72,238.9,115,6.8,3,2,False,551.0999999999999,281,0.0071174377224199285
64,0,1,27,201.3,101,143.8,89,150.2,127,12.3,3,1,False,507.6,320,0.003125
48,0,0,0,190.4,92,317.5,85,133.4,113,8.3,4,2,False,649.5999999999999,294,0.006802721088435374
181,0,0,0,143.3,91,195.5,58,223.3,95,6.0,7,1,False,568.1,251,0.00398406374501992
168,0,1,42,97.4,57,203.6,98,173.9,124,11.4,2,2,False,486.29999999999995,281,0.0071174377224199285
155,0,0,0,181.4,111,167.7,92,168.5,122,11.3,3,3,False,528.9,328,0.009146341463414634
11,0,0,0,143.4,130,289.4,50,194.0,100,9.7,6,2,False,636.5,286,0.006993006993006993
182,0,0,0,104.9,111,198.5,120,258.2,91,8.0,5,2,False,569.5999999999999,327,0.0061162079510703364
102,0,0,0,114.8,125,81.9,126,304.3,101,12.0,4,0,False,513.0,356,0.0
122,0,0,0,232.5,96,205.5,120,213.7,91,11.9,2,0,False,663.6,309,0.0
41,0,0,0,143.6,117,152.4,108,194.4,110,8.6,3,1,False,499.0,338,0.0029585798816568047
132,0,0,0,176.7,132,244.1,80,176.3,120,9.1,4,2,False,606.1999999999999,336,0.005952380952380952
76,0,0,0,263.4,148,230.3,69,170.6,101,11.4,5,1,True,675.6999999999999,323,0.0030959752321981426
115,0,1,33,145.0,72,194.5,157,242.3,138,14.2,3,2,False,596.0,370,0.005405405405405406
154,0,0,0,166.9,99,154.9,97,189.4,89,7.2,5,0,False,518.4000000000001,290,0.0
100,0,0,0,142.5,87,195.7,88,122.1,117,7.8,8,2,False,468.09999999999997,300,0.006666666666666667
146,1,0,0,133.0,65,262.8,93,214.3,128,11.2,3,1,False,621.3000000000001,289,0.0034602076124567475
67,0,1,28,95.0,94,291.2,73,159.6,114,10.0,2,2,False,555.8,283,0.007067137809187279
161,1,0,0,194.2,106,249.4,105,254.9,129,12.9,1,1,True,711.4,341,0.002932551319648094
70,0,0,0,222.8,114,215.9,113,223.5,122,0.0,0,1,False,662.2,349,0.0028653295128939827
99,0,1,42,216.0,125,232.3,104,215.5,100,9.3,4,2,True,673.0999999999999,333,0.006006006006006006
87,0,0,0,146.3,108,171.8,102,167.5,66,5.3,9,1,False,490.90000000000003,285,0.0035087719298245615
87,0,0,0,234.8,85,140.9,91,204.3,93,9.5,5,1,False,589.5,274,0.0036496350364963502
70,0,0,0,198.6,111,213.9,115,171.2,105,10.6,6,2,False,594.3000000000001,337,0.005934718100890208
119,0,1,32,142.6,77,208.2,126,171.0,102,12.0,2,3,False,533.8,307,0.009771986970684038
87,1,0,0,134.2,80,165.0,71,173.1,102,10.7,5,0,False,482.99999999999994,258,0.0
112,0,0,0,111.9,92,114.0,143,146.8,79,14.1,3,5,True,386.80000000000007,317,0.015772870662460567
75,0,0,0,122.8,89,211.3,104,261.4,91,10.7,2,2,False,606.2,286,0.006993006993006993
150,0,0,0,189.3,77,220.9,105,238.7,117,9.2,5,4,False,658.1000000000001,304,0.013157894736842105
161,0,1,38,240.4,112,201.8,102,206.1,112,16.1,6,0,False,664.4000000000001,332,0.0
91,1,1,24,93.5,112,183.4,128,240.7,133,9.9,3,0,False,527.4999999999999,376,0.0
124,0,0,0,158.6,104,211.2,77,179.3,104,10.2,8,3,False,559.3,293,0.010238907849829351
158,0,0,0,220.9,129,242.2,108,233.3,75,6.4,5,0,False,702.8000000000001,317,0.0
102,0,0,0,144.4,87,266.5,128,217.6,59,7.1,7,0,False,635.6,281,0.0
85,0,0,0,212.3,107,228.4,103,163.3,116,7.7,3,0,False,611.7,329,0.0
79,0,0,0,147.0,72,165.7,102,243.2,107,8.4,9,1,False,564.3,290,0.0034482758620689655
139,0,1,25,96.2,112,178.9,70,182.1,84,12.9,10,2,False,470.1,276,0.007246376811594203
103,0,0,0,263.4,118,179.1,69,214.7,112,10.3,2,0,False,667.5,301,0.0
98,1,0,0,12.5,67,256.6,90,169.4,88,7.7,9,1,False,446.2,254,0.003937007874015748
78,0,0,0,162.3,116,192.4,86,240.6,100,10.1,3,2,False,605.4000000000001,305,0.006557377049180328
50,0,0,0,183.6,107,58.6,118,202.6,99,8.7,3,1,False,453.49999999999994,327,0.0030581039755351682
86,0,1,38,123.0,158,133.9,119,138.2,103,13.3,4,1,False,408.4,384,0.0026041666666666665
92,0,0,0,208.0,125,198.9,76,76.4,97,8.6,6,0,False,491.9,304,0.0
174,0,0,0,239.2,72,188.5,124,105.6,116,8.8,3,1,False,542.0999999999999,315,0.0031746031746031746
124,0,0,0,193.0,97,89.8,99,172.8,104,15.3,3,1,False,470.90000000000003,303,0.0033003300330033004
190,0,1,26,116.7,71,145.9,88,175.1,103,9.9,3,1,False,447.6,265,0.0037735849056603774
101,0,0,0,93.8,127,150.0,104,241.1,116,10.7,2,1,False,495.59999999999997,349,0.0028653295128939827
185,1,1,30,154.1,114,118.7,106,258.4,105,12.9,3,2,False,544.1,328,0.006097560975609756
68,0,1,29,239.5,82,203.8,105,167.8,70,9.9,6,0,False,621.0,263,0.0
117,0,1,25,216.0,140,224.1,69,267.9,112,11.8,4,0,False,719.8,325,0.0
118,0,0,0,187.4,97,177.8,89,233.4,97,12.2,6,1,False,610.8000000000001,289,0.0034602076124567475
124,0,0,0,167.4,119,233.2,143,109.6,115,10.3,5,0,False,520.5,382,0.0
22,0,0,0,160.4,108,218.1,88,192.9,115,12.5,4,1,False,583.9,315,0.0031746031746031746
75,0,0,0,143.2,92,209.1,142,173.0,96,11.9,9,1,False,537.1999999999999,339,0.0029498525073746312
164,0,1,25,219.1,88,151.5,99,50.1,60,14.3,6,1,False,435.00000000000006,253,0.003952569169960474
177,0,0,0,232.8,106,175.2,97,212.2,77,12.5,7,2,False,632.7,287,0.006968641114982578
110,0,0,0,162.0,81,247.5,89,155.5,99,8.9,8,0,False,573.9,277,0.0
158,0,0,0,209.9,112,221.3,82,210.0,93,8.2,3,1,False,649.4000000000001,290,0.0034482758620689655
114,0,0,0,191.5,88,175.2,78,220.3,118,0.0,0,0,False,587.0,284,0.0
64,0,1,19,291.1,150,226.7,123,219.1,67,7.5,2,1,False,744.4,342,0.0029239766081871343
111,0,0,0,255.9,97,204.1,129,171.3,84,12.3,5,3,False,643.5999999999999,315,0.009523809523809525
60,0,0,0,252.7,97,221.1,121,109.9,100,12.4,4,2,False,596.0999999999999,322,0.006211180124223602
113,0,0,0,132.1,72,247.5,107,246.2,123,6.9,6,3,False,632.6999999999999,308,0.00974025974025974
109,0,0,0,217.0,115,207.0,142,268.0,106,8.2,4,1,False,700.2,367,0.0027247956403269754
105,0,1,42,101.9,79,223.1,97,241.6,77,12.9,2,0,False,579.5,255,0.0
85,0,0,0,211.5,100,184.6,88,164.3,131,13.3,4,2,False,573.7,323,0.006191950464396285
131,0,0,0,153.4,86,198.5,81,164.4,83,10.4,3,0,False,526.6999999999999,253,0.0
59,0,0,0,166.3,95,239.3,87,123.2,108,10.0,3,2,False,538.8000000000001,293,0.006825938566552901
148,0,0,0,185.2,87,170.4,96,165.1,104,9.5,13,1,False,530.2,300,0.0033333333333333335
210,0,0,0,104.6,121,149.5,71,255.1,67,6.5,8,2,False,515.7,267,0.00749063670411985
106,0,0,0,274.4,120,198.6,82,160.8,62,6.0,3,1,False,639.8,267,0.003745318352059925
57,0,1,29,279.9,121,223.1,109,251.7,94,13.0,2,1,False,767.7,326,0.003067484662576687
98,0,0,0,187.2,127,195.6,88,181.8,129,5.1,4,1,False,569.6999999999999,348,0.0028735632183908046
157,0,0,0,276.2,95,165.8,119,151.6,79,2.2,4,3,False,595.8000000000001,297,0.010101010101010102
116,0,1,35,200.4,104,272.8,89,214.5,100,8.3,4,1,False,696.0,297,0.003367003367003367
30,0,0,0,162.3,96,244.0,122,180.1,89,9.1,4,2,False,595.5,311,0.006430868167202572
111,0,0,0,176.9,128,102.8,56,213.7,84,10.5,2,4,True,503.9,270,0.014814814814814815
52,0,0,0,165.5,78,205.5,89,213.6,124,12.2,6,0,False,596.8000000000001,297,0.0
135,0,1,28,201.4,100,246.5,117,154.8,131,12.9,4,2,True,615.6,352,0.005681818181818182
86,0,0,0,190.5,115,179.6,130,258.5,89,10.1,5,3,False,638.7,339,0.008849557522123894
151,0,0,0,235.9,104,80.6,91,212.8,116,5.8,2,3,False,535.0999999999999,313,0.009584664536741214
117,0,0,0,144.6,115,258.8,66,253.2,113,7.4,9,2,False,663.9999999999999,303,0.006600660066006601
82,0,0,0,101.0,93,155.6,104,304.4,93,13.3,2,0,False,574.3,292,0.0
152,0,0,0,206.3,98,292.8,82,43.7,121,10.6,4,1,False,553.4000000000001,305,0.003278688524590164
108,0,1,15,165.1,85,267.0,93,250.7,114,10.9,4,1,False,693.6999999999999,296,0.0033783783783783786
98,0,0,0,165.0,129,202.6,113,172.3,94,12.5,7,1,True,552.4000000000001,343,0.0029154518950437317
47,0,0,0,155.3,116,188.2,85,247.0,73,12.3,4,3,False,602.8,278,0.01079136690647482
189,0,0,0,208.3,106,236.7,123,179.1,120,11.3,5,3,False,635.4,354,0.00847457627118644
159,0,0,0,189.1,105,246.1,147,242.0,106,10.4,5,1,True,687.6,363,0.0027548209366391185
11,0,1,24,131.5,98,230.2,111,283.7,87,10.0,3,2,False,655.4,299,0.006688963210702341
111,0,0,0,142.3,75,122.8,106,229.5,94,12.8,9,2,False,507.40000000000003,284,0.007042253521126761
99,0,1,19,87.7,103,223.0,86,182.3,112,7.3,4,2,False,500.3,305,0.006557377049180328
114,1,1,31,174.5,104,224.2,92,116.3,91,12.3,10,2,False,527.3,297,0.006734006734006734
71,0,0,0,103.3,103,138.5,79,164.8,98,9.0,2,2,False,415.6,282,0.0070921985815602835
100,0,1,25,246.6,94,141.4,112,189.8,109,13.0,5,1,False,590.8,320,0.003125
83,0,1,37,78.5,109,210.5,101,179.7,102,11.8,4,1,False,480.5,316,0.0031645569620253164
64,0,0,0,148.1,73,164.9,101,216.0,125,12.3,2,5,True,541.3,301,0.016611295681063124
105,0,0,0,206.2,84,256.4,138,117.1,91,9.0,3,1,False,588.6999999999999,316,0.0031645569620253164
144,0,1,33,251.6,87,197.6,118,209.2,97,12.2,3,2,False,670.6,305,0.006557377049180328
106,1,1,26,270.3,111,215.2,90,254.0,133,14.4,7,1,True,753.9,341,0.002932551319648094
19,0,1,34,156.6,97,224.2,97,260.9,135,11.3,1,1,False,652.9999999999999,330,0.0030303030303030303
46,0,0,0,139.4,81,223.7,113,173.1,77,13.6,6,1,False,549.8000000000001,277,0.0036101083032490976
127,0,0,0,220.2,108,188.4,124,172.7,113,11.7,3,2,False,593.0,348,0.005747126436781609
9,0,1,39,214.1,108,169.2,115,189.7,117,10.1,3,1,False,583.1,343,0.0029154518950437317
157,0,0,0,196.0,74,213.4,96,196.8,81,7.9,6,1,False,614.1,257,0.0038910505836575876
105,0,0,0,106.4,71,240.1,83,147.7,114,5.3,4,6,True,499.5,272,0.022058823529411766
31,0,0,0,177.3,129,152.8,105,162.9,92,5.1,2,0,False,498.1,328,0.0
95,0,1,32,262.2,123,165.2,82,194.3,57,10.6,5,0,False,632.3000000000001,267,0.0
132,0,0,0,193.3,106,128.3,94,162.1,119,11.6,4,5,True,495.30000000000007,323,0.015479876160990712
119,0,1,24,217.2,94,138.7,52,139.3,85,11.3,4,0,False,506.5,235,0.0
16,0,0,0,209.5,89,172.8,85,94.1,102,8.8,4,1,False,485.2,280,0.0035714285714285713
99,0,0,0,95.4,105,207.2,101,136.0,117,5.6,5,1,False,444.20000000000005,328,0.003048780487804878
76,0,1,26,214.6,110,205.2,87,134.6,140,8.1,2,1,False,562.5,339,0.0029498525073746312
167,0,0,0,131.6,120,211.3,96,168.3,97,11.1,4,4,True,522.3,317,0.012618296529968454
129,0,0,0,168.4,117,217.1,129,81.6,100,11.8,7,1,False,478.90000000000003,353,0.0028328611898017
116,0,0,0,146.4,123,176.6,113,212.6,102,7.8,5,1,False,543.4,343,0.0029154518950437317
60,1,0,0,183.0,110,206.7,93,203.8,119,11.1,6,1,False,604.6,328,0.003048780487804878
47,0,1,28,112.2,70,154.8,106,166.7,105,10.6,2,0,False,444.3,283,0.0
40,1,0,0,170.7,55,179.1,108,281.9,89,8.2,9,3,False,639.9,261,0.011494252873563218
173,0,0,0,172.5,78,142.6,91,102.0,63,10.9,2,0,False,428.0,234,0.0
157,0,1,30,194.3,107,243.2,108,322.2,114,7.1,5,1,False,766.8000000000001,334,0.0029940119760479044
66,0,1,32,187.8,117,129.8,90,132.3,113,12.0,3,2,False,461.90000000000003,323,0.006191950464396285
50,1,1,26,307.1,94,289.4,78,174.9,109,8.0,3,0,False,779.4,284,0.0
72,0,0,0,118.2,106,167.2,136,214.2,106,12.2,3,3,False,511.79999999999995,351,0.008547008547008548
130,0,0,0,154.0,95,205.9,106,233.7,75,12.9,1,1,False,606.4999999999999,277,0.0036101083032490976
143,0,0,0,155.5,101,213.4,89,237.9,61,7.6,11,1,False,614.4,262,0.003816793893129771
32,0,0,0,157.9,88,180.8,132,132.5,102,12.8,3,1,False,484.00000000000006,325,0.003076923076923077
166,0,0,0,203.4,81,167.7,110,132.0,124,9.2,5,2,False,512.3000000000001,320,0.00625
72,0,1,39,92.8,98,271.2,115,167.1,83,5.8,7,1,False,536.9,303,0.0033003300330033004
134,0,1,32,216.8,78,102.2,111,174.0,83,8.6,2,0,False,501.6,274,0.0
13,0,0,0,193.2,89,194.4,90,186.5,104,9.7,2,4,False,583.8000000000001,285,0.014035087719298246
90,0,0,0,113.2,108,189.3,63,271.8,124,14.1,4,3,False,588.4,299,0.010033444816053512
111,0,1,36,166.2,54,238.8,109,108.8,92,11.2,2,3,False,525.0,257,0.011673151750972763
101,0,1,23,262.2,101,157.0,80,129.1,100,7.3,14,1,False,555.5999999999999,295,0.003389830508474576
72,0,0,0,207.8,92,195.7,110,184.8,124,13.1,4,0,False,601.4,330,0.0
67,0,1,35,245.4,89,148.2,102,274.0,136,7.5,6,1,False,675.1,333,0.003003003003003003
172,0,0,0,287.1,108,178.4,125,153.2,98,14.4,2,3,True,633.1,333,0.009009009009009009
154,0,1,32,192.3,82,165.3,134,205.0,74,9.0,1,2,False,571.6,291,0.006872852233676976
69,0,0,0,194.2,122,242.1,81,215.8,80,9.7,3,2,False,661.8,286,0.006993006993006993
123,0,0,0,211.0,92,217.0,102,214.8,104,9.8,7,3,False,652.5999999999999,305,0.009836065573770493
130,0,1,12,141.9,92,228.9,102,195.1,101,8.7,5,0,False,574.6,300,0.0
142,0,1,26,220.5,94,239.5,126,254.3,109,5.9,9,2,False,720.1999999999999,338,0.005917159763313609
87,0,1,28,143.5,106,223.5,147,175.4,69,11.2,5,0,False,553.6,327,0.0
149,0,0,0,156.0,56,56.0,116,163.3,104,8.9,8,0,False,384.2,284,0.0
146,1,0,0,160.1,63,208.4,112,177.6,98,9.2,3,2,False,555.3000000000001,276,0.007246376811594203
88,1,0,0,235.1,98,251.8,79,285.9,76,7.2,2,4,True,780.0,255,0.01568627450980392
48,0,0,0,188.4,63,165.9,89,205.7,71,13.2,2,1,False,573.2,225,0.0044444444444444444
135,0,0,0,194.8,97,235.3,118,174.4,126,11.0,3,1,False,615.5,344,0.0029069767441860465
100,0,0,0,247.8,117,130.0,95,134.3,125,6.9,2,1,False,519.0,339,0.0029498525073746312
98,0,0,0,221.2,80,213.6,104,291.8,89,11.9,3,4,False,738.4999999999999,276,0.014492753623188406
75,0,1,26,118.5,86,213.9,118,132.6,99,13.4,3,2,False,478.4,306,0.006535947712418301
180,0,1,33,231.8,78,232.9,79,206.9,121,7.6,4,1,False,679.2,282,0.0035460992907801418
100,0,1,25,215.9,90,257.9,92,180.2,157,11.6,4,1,False,665.6,343,0.0029154518950437317
119,0,1,35,217.1,92,220.8,134,249.5,93,8.0,5,2,False,695.4,324,0.006172839506172839
155,0,1,39,183.3,106,205.1,101,263.7,90,5.1,7,1,False,657.1999999999999,304,0.003289473684210526
78,1,0,0,236.8,141,265.3,101,152.4,77,9.5,2,1,True,664.0,321,0.003115264797507788
153,0,0,0,193.8,90,195.3,121,182.7,108,8.5,3,1,False,580.3,322,0.003105590062111801
154,0,0,0,191.4,93,205.4,119,205.7,121,10.2,3,3,False,612.7,336,0.008928571428571428
48,0,0,0,275.2,67,180.2,108,159.0,110,7.9,2,1,False,622.3,287,0.003484320557491289
94,0,0,0,174.0,85,241.1,114,207.8,94,7.9,1,1,False,630.8000000000001,294,0.003401360544217687
139,0,0,0,165.0,132,249.7,86,170.3,128,12.6,8,1,False,597.6,354,0.002824858757062147
126,0,0,0,228.7,102,168.7,99,223.5,100,11.8,4,1,False,632.6999999999999,305,0.003278688524590164
122,0,0,0,107.9,88,235.8,109,228.6,119,9.5,3,2,False,581.8000000000001,319,0.006269592476489028
131,0,1,28,249.6,87,227.2,138,239.9,92,7.6,3,3,False,724.3,320,0.009375
36,0,0,0,178.6,83,213.1,103,198.0,119,10.9,5,1,False,600.6,310,0.0032258064516129032
180,0,0,0,139.0,96,224.9,64,170.8,118,15.7,5,2,False,550.4000000000001,283,0.007067137809187279
25,0,0,0,134.3,98,202.3,109,195.9,100,12.6,5,2,False,545.1,312,0.00641025641025641
120,0,0,0,178.4,97,168.3,113,120.5,93,9.3,9,1,False,476.50000000000006,312,0.003205128205128205
109,0,0,0,170.7,101,240.2,82,119.0,112,11.4,4,2,False,541.3,299,0.006688963210702341
162,0,1,33,184.5,139,183.2,78,127.4,106,12.3,6,0,False,507.40000000000003,329,0.0
124,0,1,37,161.2,109,204.2,79,231.5,87,8.9,4,1,False,605.8,279,0.0035842293906810036
177,0,0,0,84.9,77,257.5,109,210.5,66,7.5,5,2,False,560.4,257,0.007782101167315175
91,0,0,0,217.9,71,230.1,116,232.1,110,10.6,2,1,False,690.7,299,0.0033444816053511705
105,0,0,0,270.9,98,226.2,110,178.8,60,8.8,5,0,True,684.6999999999999,273,0.0
24,0,0,0,243.0,91,183.9,77,184.3,109,15.3,6,0,True,626.5,283,0.0
86,0,0,0,126.3,115,168.8,112,154.6,95,9.8,7,2,False,459.50000000000006,329,0.0060790273556231
91,0,0,0,159.0,109,255.1,142,82.4,73,10.1,4,0,False,506.6,328,0.0
147,1,1,24,219.9,118,208.5,116,352.5,111,8.1,4,3,False,789.0,349,0.008595988538681949
108,0,1,34,162.1,83,171.8,117,259.8,76,9.6,3,4,True,603.3000000000001,279,0.014336917562724014
159,0,0,0,198.8,107,195.5,91,213.3,120,16.5,7,5,False,624.1,325,0.015384615384615385
136,1,0,0,256.8,90,230.1,104,143.6,82,9.1,10,3,False,639.6,286,0.01048951048951049
45,0,1,38,196.8,92,254.2,108,261.8,85,7.7,2,1,False,720.5,287,0.003484320557491289
122,0,0,0,140.1,120,231.4,128,188.1,127,11.2,5,2,False,570.8000000000001,380,0.005263157894736842
138,0,0,0,194.3,83,189.9,97,232.2,102,9.0,3,5,False,625.4000000000001,285,0.017543859649122806
132,0,0,0,117.6,66,214.0,108,239.5,94,8.8,5,1,False,579.9,273,0.003663003663003663
58,0,0,0,243.1,105,231.4,108,180.9,120,7.8,4,2,False,663.1999999999999,337,0.005934718100890208
81,0,0,0,145.4,132,129.3,91,186.4,109,5.2,4,1,False,466.3,336,0.002976190476190476
87,0,0,0,169.1,105,169.9,102,244.9,106,9.9,10,3,False,593.8,323,0.009287925696594427
116,0,0,0,229.3,93,184.5,111,168.2,91,8.8,3,2,False,590.8,298,0.006711409395973154
62,0,1,33,186.4,84,201.0,136,286.7,103,11.1,3,2,True,685.1999999999999,326,0.006134969325153374
98,0,0,0,162.8,65,185.0,109,219.5,104,6.0,3,2,False,573.3,281,0.0071174377224199285
107,1,0,0,194.4,83,247.8,84,245.4,93,11.2,7,2,False,698.8000000000001,267,0.00749063670411985
30,0,0,0,145.0,76,240.7,112,197.1,134,7.1,4,3,False,589.9,326,0.009202453987730062
40,0,1,31,224.7,69,134.5,81,120.3,104,7.5,5,1,True,487.0,259,0.003861003861003861
72,0,0,0,147.0,79,162.3,103,162.9,80,10.5,4,1,False,482.70000000000005,266,0.0037593984962406013
95,0,1,39,260.8,130,213.4,111,195.6,97,10.1,5,1,False,679.9000000000001,343,0.0029154518950437317
42,0,0,0,155.4,127,164.1,45,157.7,128,9.0,3,0,False,486.2,303,0.0
86,0,0,0,166.2,112,255.3,81,228.1,97,5.4,7,1,False,655.0,297,0.003367003367003367
55,0,1,45,130.5,114,208.4,94,141.6,114,11.0,5,4,True,491.5,327,0.012232415902140673
74,0,0,0,162.7,102,292.0,105,183.3,80,8.7,6,0,False,646.7,293,0.0
81,1,1,37,237.1,76,264.2,125,271.3,120,7.9,3,1,False,780.4999999999999,324,0.0030864197530864196
81,0,0,0,166.2,102,217.6,112,220.2,68,13.2,2,4,False,617.2,284,0.014084507042253521
28,0,0,0,121.7,48,125.8,112,261.6,122,8.3,2,6,True,517.4,284,0.02112676056338028
111,0,0,0,176.4,62,201.0,124,150.4,138,11.2,2,0,False,539.0,326,0.0
3,0,1,27,67.4,116,244.0,78,281.1,93,11.4,2,2,False,603.9,289,0.006920415224913495
68,0,1,24,176.0,118,277.9,116,174.7,71,14.7,7,1,False,643.3,312,0.003205128205128205
163,0,0,0,247.7,77,269.5,108,167.3,82,9.6,7,0,True,694.1,274,0.0
87,0,0,0,115.4,90,262.6,68,245.7,69,13.1,5,2,False,636.8000000000001,232,0.008620689655172414
58,0,0,0,112.2,95,209.6,108,260.9,78,13.9,1,0,True,596.6,282,0.0
109,0,0,0,162.6,138,154.0,109,209.7,118,11.5,4,0,False,537.8,369,0.0
111,0,0,0,229.4,107,214.1,99,289.6,95,10.4,6,4,False,743.5,307,0.013029315960912053
144,0,0,0,139.6,96,124.2,93,95.6,75,15.0,4,2,False,374.4,268,0.007462686567164179
135,0,0,0,263.8,66,251.3,116,200.1,112,8.4,2,5,True,723.6,296,0.016891891891891893
109,0,1,46,217.5,123,233.7,84,163.9,99,9.0,3,4,False,624.1,309,0.012944983818770227
107,0,1,14,114.3,132,199.8,91,194.7,74,7.5,8,1,False,516.3,305,0.003278688524590164
149,0,0,0,196.3,108,136.8,96,154.7,87,7.7,3,2,False,495.5,294,0.006802721088435374
56,0,0,0,253.2,95,188.0,116,142.0,133,4.4,4,1,False,587.6,348,0.0028735632183908046
129,0,0,0,98.0,99,240.7,62,254.8,123,10.5,4,0,False,604.0,288,0.0
92,0,0,0,249.4,118,211.5,95,169.0,116,9.1,3,0,False,639.0,332,0.0
67,0,1,30,129.6,107,233.0,104,297.0,93,14.5,5,1,False,674.1,309,0.003236245954692557
120,0,0,0,221.3,106,267.6,98,111.5,80,9.3,7,0,False,609.7,291,0.0
76,0,0,0,203.6,61,161.7,127,175.9,97,8.4,3,0,False,549.5999999999999,288,0.0
79,0,0,0,213.6,110,234.9,121,229.6,157,8.8,3,2,False,686.9,391,0.005115089514066497
98,0,1,31,181.6,112,220.7,100,236.3,121,12.9,4,2,False,651.4999999999999,337,0.005934718100890208
141,0,1,22,215.4,123,328.7,98,160.5,89,7.8,6,1,False,712.4,316,0.0031645569620253164
46,0,0,0,199.2,111,175.1,83,210.6,84,10.2,2,3,False,595.1,280,0.010714285714285714
137,0,0,0,115.0,130,137.8,83,224.0,61,7.3,4,3,False,484.1,278,0.01079136690647482
171,0,0,0,270.5,69,230.0,112,136.0,111,9.6,5,1,True,646.1,297,0.003367003367003367
10,0,0,0,222.2,127,153.1,125,227.4,80,12.9,4,1,False,615.5999999999999,336,0.002976190476190476
88,0,0,0,61.9,78,262.6,114,212.5,110,8.8,2,3,False,545.8,304,0.009868421052631578
82,0,0,0,189.2,81,184.4,117,255.8,83,10.6,5,3,True,640.0000000000001,286,0.01048951048951049
139,0,0,0,196.0,135,186.0,146,153.0,92,9.8,1,3,False,544.8,374,0.008021390374331552
87,0,0,0,171.6,119,205.0,107,170.6,114,13.8,4,0,False,561.0,344,0.0
137,1,0,0,174.0,123,161.3,115,260.7,98,11.4,3,2,False,607.4,339,0.0058997050147492625
45,0,0,0,78.6,106,187.3,110,184.2,111,7.4,5,1,True,457.49999999999994,332,0.0030120481927710845
103,0,0,0,141.3,123,253.6,87,215.8,96,6.4,2,1,False,617.1,308,0.003246753246753247
100,0,0,0,235.8,130,176.0,69,63.6,122,7.3,1,2,False,482.70000000000005,322,0.006211180124223602
110,0,0,0,185.1,100,165.1,88,111.6,104,6.3,4,3,False,468.09999999999997,296,0.010135135135135136
124,0,0,0,254.3,113,78.9,104,153.2,69,11.8,2,2,False,498.20000000000005,288,0.006944444444444444
10,0,0,0,183.0,103,214.8,77,206.4,73,8.7,6,2,False,612.9000000000001,259,0.007722007722007722
89,0,1,29,163.5,80,274.8,136,381.9,147,7.5,5,2,False,827.7,368,0.005434782608695652
121,0,0,0,207.9,98,210.5,96,109.6,114,7.7,2,2,False,535.7,310,0.0064516129032258064
101,0,0,0,248.6,102,174.9,93,207.2,86,6.1,3,3,False,636.8000000000001,284,0.01056338028169014
103,0,1,31,185.4,105,197.6,126,147.1,110,14.5,4,2,False,544.6,345,0.005797101449275362
51,0,0,0,197.8,60,221.0,64,168.6,134,8.9,5,1,False,596.3,263,0.0038022813688212928
2,1,0,0,132.1,42,138.9,88,192.6,119,9.1,1,2,True,472.70000000000005,250,0.008
111,0,0,0,197.1,117,227.8,128,214.0,101,9.3,11,0,False,648.1999999999999,357,0.0
118,0,0,0,154.6,112,184.2,105,217.4,102,12.6,5,2,False,568.8,324,0.006172839506172839
17,0,1,31,153.1,115,185.9,59,224.3,102,10.0,1,6,True,573.3,277,0.021660649819494584
130,0,0,0,211.2,119,231.1,120,220.9,80,6.3,9,2,False,669.4999999999999,328,0.006097560975609756
137,0,0,0,141.1,91,147.2,100,254.7,75,8.0,7,2,False,551.0,273,0.007326007326007326
185,0,1,29,151.1,121,244.7,88,154.4,91,13.8,2,2,False,563.9999999999999,302,0.006622516556291391
101,0,0,0,209.6,107,228.8,96,172.4,85,7.6,2,3,False,618.4,290,0.010344827586206896
95,0,1,32,247.0,109,125.6,91,226.5,90,10.5,4,3,False,609.6,294,0.01020408163265306
126,0,0,0,321.3,99,167.9,93,193.6,106,8.0,4,1,True,690.8000000000001,302,0.0033112582781456954
124,0,0,0,251.5,85,214.2,98,186.1,71,11.1,6,3,False,662.9,260,0.011538461538461539
97,1,0,0,236.9,107,157.6,105,241.0,120,7.3,2,0,True,642.8,334,0.0
28,0,0,0,159.7,79,216.7,131,206.7,116,9.3,3,2,False,592.3999999999999,329,0.0060790273556231
90,1,0,0,148.2,96,220.4,111,134.2,97,9.2,1,4,True,512.0,305,0.013114754098360656
190,0,0,0,150.9,86,268.6,129,179.9,73,14.7,1,1,False,614.1,289,0.0034602076124567475
52,0,1,24,170.9,71,201.4,80,159.0,124,4.1,5,2,False,535.4,280,0.007142857142857143
73,0,0,0,254.7,80,90.2,79,153.4,60,10.6,8,0,False,508.9,227,0.0
98,0,0,0,0.0,0,159.6,130,167.1,88,6.8,1,4,True,333.5,219,0.0182648401826484
106,1,0,0,133.7,45,187.8,107,181.9,89,10.7,2,1,True,514.1,243,0.00411522633744856
111,0,0,0,224.9,117,191.9,127,229.9,97,10.3,3,0,False,657.0,344,0.0
59,0,0,0,151.8,98,209.9,92,266.9,86,11.9,5,1,False,640.5,281,0.0035587188612099642
71,0,1,22,141.4,107,163.0,105,220.0,99,5.6,3,2,False,530.0,314,0.006369426751592357
55,0,0,0,285.7,124,230.9,106,230.7,140,14.8,7,0,True,762.0999999999999,377,0.0
13,0,0,0,58.4,121,262.2,64,159.0,115,11.9,5,1,False,491.49999999999994,305,0.003278688524590164
136,0,1,16,90.4,105,201.3,109,227.1,115,13.1,4,0,False,531.9000000000001,333,0.0
123,0,0,0,114.4,91,216.6,123,250.6,102,11.0,3,0,False,592.6,319,0.0
105,0,0,0,147.7,103,222.7,78,163.5,102,12.8,3,2,False,546.6999999999999,286,0.006993006993006993
50,0,1,31,302.7,93,240.5,119,193.9,103,13.6,14,3,False,750.7,329,0.00911854103343465
118,0,0,0,136.1,120,204.2,103,228.2,90,11.3,4,1,False,579.8,317,0.0031545741324921135
73,0,0,0,217.8,91,220.6,97,277.3,89,10.3,6,1,True,726.0,283,0.0035335689045936395
35,0,0,0,124.2,102,123.9,115,135.7,100,13.1,8,2,False,396.90000000000003,325,0.006153846153846154
64,0,0,0,206.2,76,232.4,76,251.6,96,13.6,2,1,False,703.8000000000001,250,0.004
63,0,0,0,132.9,122,67.0,62,160.4,121,9.9,2,3,False,370.2,307,0.009771986970684038
117,0,1,31,104.9,115,237.6,125,263.4,104,7.7,6,3,False,613.6,350,0.008571428571428572
115,0,0,0,245.0,97,250.7,75,270.2,124,13.7,8,1,True,779.6,304,0.003289473684210526
162,0,0,0,184.5,118,224.0,95,180.5,82,11.6,3,1,False,600.6,298,0.003355704697986577
89,0,0,0,89.5,66,179.3,104,225.1,116,12.3,1,3,False,506.2,287,0.010452961672473868
94,1,0,0,235.6,131,194.8,107,170.6,93,8.6,4,1,False,609.6,335,0.0029850746268656717
129,0,0,0,186.0,127,262.3,96,98.9,63,11.5,6,4,False,558.7,292,0.0136986301369863
96,0,0,0,179.5,125,162.3,139,264.5,133,6.6,2,1,False,612.9,399,0.002506265664160401
108,0,0,0,112.0,105,193.7,110,208.9,93,4.1,4,4,True,518.7,312,0.01282051282051282
97,0,1,32,168.4,129,225.9,97,191.8,95,8.5,7,0,False,594.6,328,0.0
84,0,1,42,214.3,112,188.2,107,333.5,117,11.3,10,0,False,747.3,346,0.0
65,0,0,0,245.7,139,241.9,113,285.3,117,4.2,5,4,True,777.1000000000001,374,0.0106951871657754
131,0,1,34,156.6,134,71.0,95,261.7,120,13.4,10,1,False,502.69999999999993,359,0.002785515320334262
58,1,1,43,142.8,96,272.3,100,193.4,105,8.9,4,1,False,617.4,305,0.003278688524590164
54,0,0,0,116.8,119,123.1,123,217.5,101,12.0,2,1,False,469.4,345,0.002898550724637681
125,0,1,39,236.1,107,289.2,110,175.4,107,9.1,4,2,False,709.8,328,0.006097560975609756
72,0,1,21,138.1,113,260.1,83,135.4,118,8.2,2,2,False,541.8000000000001,316,0.006329113924050633
141,0,0,0,51.9,108,162.0,83,223.5,115,10.1,3,3,False,447.5,309,0.009708737864077669
113,0,0,0,81.3,116,220.6,124,235.7,113,8.9,3,0,False,546.4999999999999,356,0.0
20,0,1,35,171.5,98,153.1,127,165.6,125,7.1,3,0,False,497.30000000000007,353,0.0
212,0,0,0,126.0,96,144.3,80,302.8,102,7.6,3,1,False,580.7,281,0.0035587188612099642
99,1,0,0,197.2,127,156.0,92,204.1,99,9.9,6,4,False,567.1999999999999,324,0.012345679012345678
94,0,0,0,194.1,62,227.2,54,190.4,115,15.3,4,1,False,626.9999999999999,235,0.00425531914893617
40,0,0,0,115.7,105,127.8,113,107.5,91,9.3,6,1,False,360.3,315,0.0031746031746031746
86,0,1,29,157.2,118,196.3,136,226.7,109,8.4,5,3,False,588.6,368,0.008152173913043478
101,0,0,0,269.7,85,207.6,86,214.2,107,4.5,15,3,True,696.0,293,0.010238907849829351
105,0,0,0,227.4,121,268.5,89,143.3,82,13.0,4,1,False,652.2,296,0.0033783783783783786
140,1,1,27,188.9,124,160.9,102,197.7,100,11.5,5,4,False,559.0,331,0.012084592145015106
101,0,0,0,0.0,0,192.1,119,168.8,95,7.2,4,1,False,368.09999999999997,218,0.0045871559633027525
98,0,1,19,110.5,87,227.8,97,243.6,84,11.0,4,1,False,592.9,272,0.003676470588235294
104,0,0,0,167.6,116,219.2,112,215.9,94,11.7,2,4,False,614.4,324,0.012345679012345678
115,0,0,0,132.0,90,197.5,75,175.8,114,0.0,0,3,False,505.3,279,0.010752688172043012
70,0,0,0,213.4,86,204.7,77,256.6,101,5.7,4,1,False,680.4000000000001,268,0.0037313432835820895
126,0,0,0,175.4,120,98.3,71,201.9,93,10.6,1,0,False,486.20000000000005,285,0.0
87,0,1,39,82.6,113,224.4,63,163.6,88,9.5,1,3,False,480.1,265,0.011320754716981131
86,0,0,0,125.5,139,269.8,93,235.8,110,8.9,8,1,False,640.0,350,0.002857142857142857
1,0,1,30,183.1,95,232.6,110,248.3,110,8.4,2,0,False,672.4,317,0.0
133,0,0,0,162.1,91,212.1,94,260.4,78,12.2,5,1,False,646.8,268,0.0037313432835820895
103,0,0,0,166.6,84,192.4,91,167.9,115,7.7,6,1,False,534.6,296,0.0033783783783783786
131,0,1,24,135.9,60,233.2,78,210.6,121,9.4,4,1,False,589.1,263,0.0038022813688212928
99,0,0,0,142.3,89,204.5,95,203.1,114,9.1,1,0,False,559.0,299,0.0
27,0,0,0,177.6,121,296.8,92,192.9,106,7.6,3,3,False,674.9,322,0.009316770186335404
141,0,0,0,83.2,74,190.6,104,150.5,79,10.7,7,1,False,435.0,264,0.003787878787878788
29,1,1,37,235.0,101,183.3,79,139.8,106,5.7,7,2,False,563.8000000000001,293,0.006825938566552901
65,0,0,0,105.7,95,141.8,100,180.5,105,6.6,12,2,False,434.6,312,0.00641025641025641
81,1,0,0,149.4,68,171.9,98,214.5,97,17.9,3,3,True,553.6999999999999,266,0.011278195488721804
37,0,1,20,264.7,81,216.5,110,210.7,102,10.4,7,0,False,702.3,300,0.0
107,0,1,31,160.3,45,221.5,70,261.6,109,5.6,1,1,False,649.0000000000001,225,0.0044444444444444444
127,1,1,28,95.9,117,159.5,131,152.8,132,10.4,3,1,False,418.6,383,0.0026109660574412533
78,0,0,0,140.7,77,195.2,114,252.9,107,11.7,5,0,False,600.5,303,0.0
176,0,0,0,250.9,108,171.4,100,148.6,85,9.6,6,2,False,580.5,299,0.006688963210702341
96,1,0,0,200.6,117,289.5,120,98.3,95,11.2,5,2,False,599.6,337,0.005934718100890208
11,0,1,38,209.8,130,196.6,84,233.0,79,7.0,7,1,False,646.4,300,0.0033333333333333335
48,0,1,34,198.0,70,273.7,121,217.9,71,7.6,4,1,False,697.2,266,0.0037593984962406013
47,0,1,37,112.8,150,243.9,97,178.7,112,13.2,6,2,False,548.6,365,0.005479452054794521
89,1,1,19,112.6,114,261.7,132,123.5,116,11.1,2,0,True,508.9,364,0.0
83,0,1,26,226.4,117,234.7,97,133.6,82,10.8,7,1,False,605.5,303,0.0033003300330033004
126,1,1,34,244.9,118,219.6,105,210.8,136,9.7,6,4,False,685.0,365,0.010958904109589041
60,0,0,0,203.2,99,235.8,131,224.9,112,15.1,6,2,False,679.0,348,0.005747126436781609
122,0,0,0,136.7,115,243.1,137,188.9,110,8.6,4,0,False,577.3,366,0.0
136,0,0,0,152.6,97,208.9,85,119.1,99,5.0,10,1,False,485.6,291,0.003436426116838488
172,0,1,47,274.9,102,186.6,118,245.0,123,8.8,2,1,False,715.3,345,0.002898550724637681
102,0,0,0,195.7,116,209.1,87,201.1,73,8.3,3,1,True,614.1999999999999,279,0.0035842293906810036
113,1,0,0,204.3,82,188.8,115,139.4,97,9.2,7,1,False,541.7,301,0.0033222591362126247
79,0,0,0,222.3,99,146.2,82,275.6,82,8.9,4,3,False,653.0,267,0.011235955056179775
55,0,1,8,222.5,104,171.5,94,377.5,114,9.7,2,1,False,781.2,314,0.0031847133757961785
160,0,0,0,174.3,105,171.3,107,220.8,131,8.3,2,0,False,574.7,345,0.0
110,0,0,0,242.5,110,162.3,140,184.1,86,7.8,3,4,False,596.6999999999999,339,0.011799410029498525
192,0,0,0,221.6,101,285.2,50,167.4,83,12.7,6,4,False,686.9,240,0.016666666666666666
93,0,0,0,114.3,100,221.1,103,126.3,88,10.9,9,0,False,472.59999999999997,300,0.0
101,0,1,33,219.7,137,186.8,94,184.5,113,9.5,2,2,False,600.5,346,0.005780346820809248
77,0,0,0,144.9,136,151.3,115,252.4,73,12.3,3,2,False,560.9,327,0.0061162079510703364
105,0,1,40,236.5,111,117.0,110,221.1,115,8.1,3,2,False,582.7,339,0.0058997050147492625
133,0,1,44,174.0,80,209.4,113,224.1,87,14.1,7,2,True,621.6,287,0.006968641114982578
131,0,0,0,109.5,95,332.1,48,258.6,108,6.6,7,1,False,706.8000000000001,258,0.003875968992248062
106,0,1,33,81.6,120,235.6,85,150.9,113,9.9,4,1,False,478.0,322,0.003105590062111801
118,0,0,0,133.4,113,121.0,92,254.7,129,5.9,4,1,False,515.0,338,0.0029585798816568047
125,0,0,0,137.1,94,209.8,83,238.4,114,8.6,4,1,False,593.9,295,0.003389830508474576
95,0,0,0,197.0,88,190.4,68,211.9,104,16.1,8,0,False,615.4,268,0.0
80,0,0,0,198.1,160,156.7,87,182.1,76,9.3,3,3,False,546.1999999999999,326,0.009202453987730062
145,0,0,0,39.5,78,264.3,106,185.8,90,10.0,6,0,False,499.6,280,0.0
37,0,0,0,199.5,107,207.5,110,83.9,123,8.1,4,2,False,499.0,344,0.005813953488372093
87,0,0,0,156.8,93,215.8,68,223.3,77,7.6,6,1,False,603.5000000000001,244,0.004098360655737705
69,0,0,0,183.4,85,237.6,100,228.0,94,9.0,5,3,False,658.0,284,0.01056338028169014
83,0,0,0,132.4,120,121.6,101,197.7,84,8.6,2,1,False,460.3,307,0.003257328990228013
195,0,0,0,63.2,108,220.2,88,184.0,99,5.1,3,0,False,472.5,298,0.0
67,1,1,35,181.1,59,215.9,116,216.3,106,16.9,4,0,True,630.1999999999999,285,0.0
75,0,1,27,117.5,102,206.8,127,194.4,114,4.2,7,3,False,522.9000000000001,350,0.008571428571428572
123,0,1,27,218.7,79,163.4,78,173.8,116,15.0,1,0,False,570.9000000000001,274,0.0
41,0,1,41,207.3,95,137.3,120,115.7,74,5.9,3,1,False,466.2,292,0.003424657534246575
75,0,0,0,150.6,99,301.5,83,158.7,104,8.1,5,0,False,618.9,291,0.0
76,1,0,0,273.3,66,263.6,121,165.2,84,12.0,7,1,True,714.1000000000001,278,0.0035971223021582736
86,1,0,0,266.1,120,182.0,92,206.5,103,10.3,4,1,False,664.9,319,0.003134796238244514
140,0,0,0,112.8,89,156.7,65,249.6,85,16.3,6,0,False,535.4,245,0.0
70,0,0,0,104.7,112,82.2,104,169.4,110,15.8,7,3,False,372.1,333,0.009009009009009009
118,0,0,0,253.2,122,201.0,78,195.3,108,9.7,7,2,False,659.2,315,0.006349206349206349
66,0,1,16,174.7,92,232.1,105,305.4,98,8.9,2,1,False,721.0999999999999,297,0.003367003367003367
78,0,0,0,87.0,102,193.6,64,205.8,120,11.0,5,0,False,497.40000000000003,291,0.0
129,0,1,34,204.5,79,132.8,113,190.1,117,14.8,9,2,False,542.1999999999999,318,0.006289308176100629
6,0,0,0,226.5,93,152.1,122,164.4,98,9.4,4,3,False,552.4,317,0.00946372239747634
107,1,0,0,234.1,91,163.1,105,282.5,100,10.0,3,1,False,689.7,299,0.0033444816053511705
107,1,0,0,133.3,106,182.9,89,241.1,123,12.9,2,3,True,570.2,320,0.009375
138,0,0,0,133.9,87,166.4,110,193.5,139,15.4,3,1,False,509.2,339,0.0029498525073746312
103,0,0,0,160.2,104,138.9,70,312.5,97,9.7,2,0,False,621.3000000000001,273,0.0
116,0,1,44,230.6,94,224.1,103,244.0,76,11.1,2,0,False,709.8000000000001,275,0.0
189,0,0,0,227.4,84,176.0,81,206.1,120,6.3,4,2,False,615.8,289,0.006920415224913495
161,0,0,0,72.8,120,267.1,120,222.5,91,11.8,2,2,False,574.2,333,0.006006006006006006
1,0,0,0,196.1,107,296.5,82,211.5,91,7.0,2,1,False,711.1,282,0.0035460992907801418
89,0,0,0,197.1,110,165.9,115,227.3,106,12.8,3,1,False,603.0999999999999,334,0.0029940119760479044
64,0,0,0,219.6,126,303.3,100,154.5,65,9.7,5,1,False,687.1,296,0.0033783783783783786
126,0,1,30,153.4,90,151.4,97,153.8,97,12.8,4,4,True,471.40000000000003,288,0.013888888888888888
129,0,0,0,216.0,85,186.9,114,210.7,109,4.9,10,2,False,618.4999999999999,318,0.006289308176100629
128,0,1,32,222.9,136,262.0,80,191.4,101,10.8,4,0,False,687.0999999999999,321,0.0
114,0,0,0,189.8,101,147.7,80,172.7,121,10.6,5,1,False,520.8,307,0.003257328990228013
50,0,0,0,154.7,102,298.0,108,210.2,95,11.1,3,0,False,674.0,308,0.0
86,0,0,0,136.4,104,202.5,110,230.7,86,11.5,1,3,False,581.0999999999999,301,0.009966777408637873
96,0,0,0,170.5,86,277.5,88,162.5,117,12.2,6,1,False,622.7,297,0.003367003367003367
57,1,1,17,236.5,94,163.1,94,236.7,117,12.2,3,2,False,648.5,308,0.006493506493506494
65,0,0,0,153.9,117,220.1,122,280.5,147,8.5,3,2,False,663.0,389,0.005141388174807198
136,0,0,0,252.4,74,167.9,81,248.3,110,10.7,3,2,False,679.3000000000001,268,0.007462686567164179
116,0,0,0,197.9,84,168.1,113,239.8,145,12.0,6,1,False,617.8,348,0.0028735632183908046
93,0,0,0,152.4,74,274.6,88,252.2,120,6.6,5,3,False,685.8000000000001,287,0.010452961672473868
142,0,1,40,237.4,105,175.9,93,210.3,110,9.2,3,3,False,632.8000000000001,311,0.00964630225080386
92,0,0,0,265.6,82,180.7,75,211.1,113,8.6,2,1,False,666.0,272,0.003676470588235294
70,0,0,0,197.3,91,305.8,81,171.0,105,6.7,6,1,False,680.8000000000001,283,0.0035335689045936395
22,0,1,14,199.1,100,221.8,103,65.7,91,4.2,1,1,False,490.79999999999995,295,0.003389830508474576
37,0,0,0,233.7,114,207.9,109,212.7,101,12.0,2,2,False,666.3,326,0.006134969325153374
51,0,0,0,183.1,99,160.1,107,311.8,121,7.0,3,1,False,662.0,330,0.0030303030303030303
174,0,0,0,139.4,96,143.4,108,225.2,107,10.0,5,2,False,518.0,316,0.006329113924050633
68,0,0,0,213.9,112,260.5,100,233.8,97,8.4,3,1,True,716.6,312,0.003205128205128205
130,0,0,0,207.1,70,200.1,115,194.2,100,12.4,2,1,False,613.8,287,0.003484320557491289
134,0,0,0,177.2,91,228.7,105,194.3,113,8.9,3,2,False,609.1,312,0.00641025641025641
108,0,1,35,169.8,136,173.7,101,214.6,105,9.5,7,2,False,567.6,349,0.0057306590257879654
103,0,0,0,173.5,83,244.3,65,221.6,66,9.7,2,3,False,649.1,216,0.013888888888888888
62,0,0,0,159.9,100,172.2,99,263.2,109,5.6,4,1,False,600.9,312,0.003205128205128205
162,0,0,0,115.1,89,196.8,111,212.4,98,11.4,3,2,False,535.6999999999999,301,0.006644518272425249
42,0,0,0,92.2,108,211.2,120,129.1,73,13.1,6,1,False,445.6,307,0.003257328990228013
155,0,1,23,243.9,112,133.0,106,213.7,123,13.4,11,2,False,603.9999999999999,352,0.005681818181818182
36,0,0,0,117.1,94,235.4,117,221.3,108,9.0,2,0,False,582.8,321,0.0
143,0,0,0,223.3,99,167.1,128,203.0,84,4.5,4,0,True,597.9,315,0.0
81,0,0,0,261.4,141,215.7,102,271.8,96,8.0,6,1,True,756.9,345,0.002898550724637681
138,1,0,0,46.5,104,186.0,114,167.5,95,9.6,4,4,True,409.6,317,0.012618296529968454
103,0,1,18,149.9,84,170.9,84,171.5,112,11.5,7,0,True,503.8,287,0.0
127,1,0,0,242.2,102,226.1,80,252.0,96,13.9,5,2,True,734.1999999999999,283,0.007067137809187279
136,0,0,0,259.4,99,172.7,125,293.7,78,10.7,6,1,True,736.5,308,0.003246753246753247
99,0,0,0,222.4,102,185.8,89,237.7,81,12.0,8,2,False,657.9000000000001,280,0.007142857142857143
95,0,0,0,69.4,79,190.8,109,219.9,102,8.9,5,0,False,489.0,295,0.0
118,1,1,21,156.5,122,209.2,125,158.7,81,11.1,3,4,True,535.5,331,0.012084592145015106
113,0,0,0,61.2,111,92.3,88,197.4,114,13.7,3,5,True,364.59999999999997,316,0.015822784810126583
128,1,0,0,245.2,112,101.5,101,152.3,116,10.7,5,0,False,509.7,334,0.0
117,0,0,0,102.3,100,135.2,104,199.7,93,15.7,10,3,False,452.9,307,0.009771986970684038
48,0,1,36,230.9,92,167.6,121,270.0,87,7.6,4,3,False,676.1,304,0.009868421052631578
81,1,0,0,227.4,105,211.5,120,258.2,113,11.9,3,0,False,708.9999999999999,341,0.0
140,0,0,0,162.6,98,206.2,109,141.6,66,8.2,2,1,False,518.6,275,0.0036363636363636364
107,0,1,38,219.4,92,180.5,73,104.1,91,11.0,1,2,False,515.0,257,0.007782101167315175
56,0,0,0,137.2,111,165.9,119,182.3,72,14.3,4,1,False,499.70000000000005,306,0.0032679738562091504
159,0,0,0,87.7,103,278.2,97,170.6,93,10.5,10,1,False,547.0,303,0.0033003300330033004
102,0,0,0,271.1,80,172.0,133,169.2,105,10.3,5,1,False,622.5999999999999,323,0.0030959752321981426
106,0,0,0,52.2,106,220.1,113,112.3,95,11.4,2,2,False,396.0,316,0.006329113924050633
225,0,0,0,165.4,106,273.7,109,210.0,93,8.7,3,0,True,657.8000000000001,311,0.0
86,0,0,0,217.8,93,214.7,95,228.7,70,11.3,7,0,False,672.5,265,0.0
169,0,0,0,235.7,79,136.9,85,220.9,97,13.3,10,1,False,606.8,271,0.0036900369003690036
122,0,1,22,204.5,92,139.6,121,205.0,103,8.6,5,2,False,557.7,321,0.006230529595015576
52,0,1,32,130.1,68,247.2,77,289.4,87,13.5,5,2,False,680.1999999999999,237,0.008438818565400843
79,0,1,34,103.7,100,236.3,78,256.6,102,14.8,4,2,False,611.4,284,0.007042253521126761
135,0,0,0,239.9,91,177.1,104,217.2,118,5.9,3,2,False,640.1,316,0.006329113924050633
37,0,0,0,191.1,69,129.2,113,207.5,117,12.9,1,0,False,540.6999999999999,300,0.0
161,0,1,39,218.5,76,112.7,94,205.1,121,7.3,4,1,False,543.5999999999999,295,0.003389830508474576
123,0,0,0,128.7,126,117.6,94,198.4,132,10.8,5,0,False,455.5,357,0.0
80,0,1,38,236.6,69,197.5,68,209.5,102,9.5,10,2,False,653.1,249,0.008032128514056224
94,0,0,0,85.9,113,226.7,91,279.6,110,15.6,16,0,False,607.8000000000001,330,0.0
105,0,1,27,141.2,96,167.7,94,274.4,101,11.4,2,1,False,594.6999999999999,293,0.0034129692832764505
73,0,1,31,194.4,104,176.0,84,230.1,110,11.5,3,0,False,612.0,301,0.0
112,0,0,0,167.6,100,154.5,90,281.4,107,17.3,3,2,False,620.8,300,0.006666666666666667
179,0,0,0,234.5,134,164.2,94,191.4,72,6.1,4,1,False,596.2,304,0.003289473684210526
57,0,0,0,154.2,78,196.7,85,253.5,97,10.1,9,1,False,614.5,269,0.0037174721189591076
127,0,1,14,143.2,99,169.9,91,221.6,77,11.6,1,1,False,546.3000000000001,268,0.0037313432835820895
122,1,1,40,216.4,80,249.7,90,185.9,99,12.7,4,1,False,664.7,273,0.003663003663003663
33,0,1,35,161.9,85,151.2,82,191.0,131,8.5,2,1,False,512.6,300,0.0033333333333333335
94,0,0,0,118.7,90,205.1,57,172.2,100,10.4,6,3,False,506.4,253,0.011857707509881422
100,0,0,0,179.1,123,196.6,132,186.7,116,10.2,10,1,False,572.6,381,0.0026246719160104987
106,0,0,0,147.9,97,209.3,99,162.1,80,8.8,5,2,False,528.1,281,0.0071174377224199285
148,0,1,38,209.2,110,116.6,73,109.6,105,16.5,4,2,False,451.9,292,0.00684931506849315
120,0,1,29,244.3,140,322.3,89,166.8,83,10.6,6,0,False,744.0000000000001,318,0.0
91,0,1,34,175.3,96,262.3,122,143.9,76,5.6,11,1,False,587.1,305,0.003278688524590164
86,0,0,0,150.5,92,120.3,95,271.2,96,9.0,2,1,False,551.0,285,0.0035087719298245615
78,0,1,25,197.4,73,295.7,113,211.7,73,13.2,2,0,False,718.0,261,0.0
94,0,0,0,163.5,136,143.7,111,253.4,82,12.6,5,1,False,573.2,334,0.0029940119760479044
85,0,0,0,236.9,93,197.7,113,309.1,78,11.4,7,2,True,755.1,291,0.006872852233676976
89,0,0,0,82.3,77,167.2,80,194.7,70,7.2,4,1,False,451.4,231,0.004329004329004329
128,0,0,0,216.0,111,153.7,115,227.0,74,12.7,4,1,False,609.4000000000001,304,0.003289473684210526
115,1,0,0,180.0,119,198.8,126,217.1,70,12.4,3,1,False,608.3,318,0.0031446540880503146
76,0,0,0,143.7,55,173.1,108,239.1,95,5.8,6,1,False,561.6999999999999,264,0.003787878787878788
75,0,1,39,198.2,107,280.4,132,129.6,73,11.3,7,1,False,619.4999999999999,319,0.003134796238244514
82,0,1,29,163.8,77,134.9,112,79.3,95,8.8,2,2,False,386.80000000000007,286,0.006993006993006993
87,0,0,0,189.5,113,204.9,100,221.7,93,13.4,3,1,False,629.4999999999999,309,0.003236245954692557
115,0,1,26,155.2,110,230.9,133,261.6,100,4.5,4,0,False,652.2,347,0.0
99,1,0,0,242.3,102,350.9,102,163.1,93,11.3,3,0,True,767.6,300,0.0
121,1,1,44,254.1,127,180.2,108,196.2,129,8.7,4,3,False,639.2,368,0.008152173913043478
54,0,1,33,112.0,90,208.0,112,150.3,83,11.3,4,2,False,481.6,289,0.006920415224913495
95,0,0,0,198.4,113,235.9,144,325.6,99,10.1,3,0,False,770.0000000000001,359,0.0
163,0,1,25,219.6,99,210.4,99,242.7,88,13.8,8,2,False,686.5,294,0.006802721088435374
57,0,0,0,169.6,96,234.7,112,285.4,83,11.2,4,0,False,700.9,295,0.0
104,1,0,0,160.4,73,293.9,103,306.6,90,12.6,5,4,False,773.5,271,0.014760147601476014
83,0,1,20,95.0,89,167.9,92,200.6,79,11.2,2,0,False,474.7,262,0.0
141,0,0,0,160.1,87,256.7,120,270.0,107,7.0,1,2,False,693.8,315,0.006349206349206349
95,0,0,0,194.6,114,232.8,106,173.4,92,3.8,2,3,False,604.5999999999999,314,0.009554140127388535
184,0,0,0,236.4,73,287.3,120,192.0,94,13.8,4,1,True,729.5,291,0.003436426116838488
74,0,0,0,157.1,95,213.1,36,280.4,77,7.6,3,2,False,658.1999999999999,211,0.009478672985781991
67,0,0,0,179.8,125,173.2,86,272.8,97,10.9,4,0,False,636.6999999999999,312,0.0
104,1,0,0,148.2,108,161.8,113,259.3,103,11.0,4,0,False,580.3,328,0.0
149,0,0,0,119.2,88,168.3,110,204.7,119,12.2,6,4,True,504.4,323,0.01238390092879257
154,0,1,35,224.0,102,192.0,99,163.1,100,9.6,2,0,False,588.7,303,0.0
138,0,1,21,19.5,149,140.9,109,179.7,111,7.9,1,0,False,348.0,370,0.0
117,0,0,0,184.8,83,248.6,101,133.1,113,9.6,8,1,False,576.1,305,0.003278688524590164
130,0,0,0,176.3,140,201.0,104,161.9,123,11.3,5,1,False,550.5,372,0.002688172043010753
73,0,0,0,241.7,115,168.5,133,169.8,122,11.1,2,2,False,591.1,372,0.005376344086021506
100,0,1,38,224.7,121,294.0,131,290.0,61,9.8,6,0,False,818.5,319,0.0
149,0,0,0,207.3,115,198.4,82,114.1,83,8.6,4,1,False,528.4000000000001,284,0.0035211267605633804
29,0,0,0,196.8,81,168.0,110,132.6,98,12.7,7,2,False,510.09999999999997,296,0.006756756756756757
131,0,0,0,110.9,74,115.6,90,190.5,114,15.8,9,1,False,432.8,287,0.003484320557491289
153,0,0,0,122.5,145,273.3,103,197.8,71,8.0,3,2,False,601.6,322,0.006211180124223602
84,0,0,0,226.9,144,201.6,122,130.2,121,13.2,5,2,False,571.9000000000001,392,0.00510204081632653
133,0,0,0,187.0,65,141.4,128,238.2,108,10.0,8,2,False,576.5999999999999,309,0.006472491909385114
87,0,0,0,204.8,101,161.0,80,285.7,89,9.5,3,0,False,661.0,273,0.0
72,0,0,0,165.9,114,235.9,97,210.1,120,12.0,5,2,False,623.9,336,0.005952380952380952
65,0,1,29,158.1,104,322.2,81,210.0,96,8.9,6,1,False,699.1999999999999,287,0.003484320557491289
74,0,0,0,225.2,93,215.1,120,241.8,95,9.1,2,2,False,691.1999999999999,310,0.0064516129032258064
116,0,0,0,159.4,79,179.5,88,167.8,71,9.7,2,6,True,516.4,240,0.025
68,0,0,0,172.7,95,139.1,90,174.3,99,11.7,1,2,False,497.79999999999995,285,0.007017543859649123
68,0,0,0,222.8,99,175.8,85,202.0,111,11.0,3,3,False,611.6,298,0.010067114093959731
54,1,0,0,214.1,77,240.5,94,188.9,75,10.1,3,1,False,653.6,249,0.004016064257028112
107,0,0,0,134.0,104,174.5,94,311.1,79,7.3,3,3,False,626.9,280,0.010714285714285714
173,0,0,0,291.8,143,214.3,134,151.2,119,9.9,2,0,True,667.1999999999999,398,0.0
110,0,0,0,222.7,94,105.8,98,214.8,78,13.5,4,1,False,556.8,274,0.0036496350364963502
102,0,0,0,174.5,79,236.8,136,270.4,110,8.5,5,0,False,690.2,330,0.0
91,0,1,31,273.0,78,215.5,98,104.7,114,9.6,2,1,False,602.8000000000001,292,0.003424657534246575
64,1,0,0,225.3,134,108.2,87,139.6,132,17.3,9,1,True,490.40000000000003,362,0.0027624309392265192
176,0,1,23,283.2,130,162.6,74,177.7,104,7.2,6,1,False,630.7,314,0.0031847133757961785
84,0,1,12,89.7,87,138.6,73,165.8,114,10.7,2,1,False,404.8,276,0.0036231884057971015
138,0,0,0,127.1,102,247.7,106,207.7,75,5.0,3,3,False,587.5,286,0.01048951048951049
101,0,1,28,105.9,132,231.7,107,281.3,120,10.7,5,1,False,629.6000000000001,364,0.0027472527472527475
136,0,0,0,142.3,79,158.0,113,177.5,75,6.0,11,2,False,483.8,278,0.007194244604316547
111,0,0,0,191.3,80,138.5,94,246.0,107,6.4,3,2,False,582.1999999999999,284,0.007042253521126761
132,0,1,36,201.9,93,156.3,75,131.3,92,13.7,5,0,False,503.20000000000005,265,0.0
128,0,0,0,247.3,91,182.7,60,143.2,112,14.7,2,3,False,587.9000000000001,265,0.011320754716981131
92,0,1,38,242.2,96,159.7,144,210.0,108,8.9,1,1,False,620.8,349,0.0028653295128939827
197,1,0,0,127.3,80,222.3,115,173.9,95,13.7,5,5,True,537.2,295,0.01694915254237288
99,0,1,33,179.1,93,238.3,102,165.7,96,10.6,1,2,False,593.6999999999999,292,0.00684931506849315
106,0,1,31,197.4,125,123.4,110,115.6,101,12.3,4,3,False,448.7,340,0.008823529411764706
78,0,0,0,193.1,85,172.1,105,129.6,119,10.2,1,0,False,504.99999999999994,310,0.0
98,0,0,0,171.7,99,174.8,87,189.6,130,7.8,6,1,False,543.9,322,0.003105590062111801
17,0,1,35,198.5,123,270.6,74,209.9,130,8.1,10,1,False,687.1,337,0.002967359050445104
56,0,1,24,121.7,87,184.0,76,266.6,98,12.7,3,1,False,585.0,264,0.003787878787878788
84,0,0,0,130.2,105,278.0,60,305.4,74,14.0,6,2,False,727.5999999999999,245,0.00816326530612245
95,0,0,0,203.4,96,168.6,61,173.0,105,13.7,3,2,False,558.7,265,0.007547169811320755
76,1,0,0,241.0,120,231.8,96,220.2,67,9.9,1,1,True,702.9,284,0.0035211267605633804
93,0,0,0,141.7,95,221.0,100,227.1,71,10.2,3,0,False,600.0,269,0.0
83,0,0,0,134.8,96,167.2,78,161.5,123,7.7,5,2,False,471.2,302,0.006622516556291391
123,0,0,0,163.1,119,249.4,51,168.2,77,9.0,10,1,False,589.7,257,0.0038910505836575876
64,0,0,0,145.5,116,228.4,110,273.4,91,8.9,8,1,False,656.1999999999999,325,0.003076923076923077
82,0,0,0,329.8,73,208.3,120,267.1,102,10.6,6,0,True,815.8000000000001,301,0.0
110,0,0,0,131.9,93,272.7,106,192.8,105,7.1,4,1,False,604.5000000000001,308,0.003246753246753247
47,0,1,30,196.6,93,241.4,140,226.0,118,12.9,4,2,False,676.9,355,0.005633802816901409
115,0,0,0,99.7,107,145.1,96,149.4,99,14.1,4,2,False,408.30000000000007,306,0.006535947712418301
69,0,0,0,143.6,88,141.8,86,194.0,83,10.8,5,3,False,490.2,262,0.011450381679389313
90,0,0,0,37.8,80,155.3,105,175.0,111,14.2,5,3,False,382.3,301,0.009966777408637873
98,0,0,0,72.8,107,186.4,103,175.3,110,10.5,4,3,False,445.0,324,0.009259259259259259
90,0,1,39,94.8,89,219.1,91,197.4,65,11.4,5,1,False,522.6999999999999,250,0.004
174,0,1,15,221.8,143,210.6,115,221.8,109,12.4,9,1,False,666.6,376,0.0026595744680851063
79,0,0,0,268.3,114,185.5,111,264.6,88,6.3,7,1,True,724.7,320,0.003125
99,0,0,0,115.5,75,218.1,111,254.9,98,11.5,7,7,True,600.0,291,0.024054982817869417
114,0,0,0,202.1,100,195.7,102,291.8,120,13.3,5,2,False,702.8999999999999,327,0.0061162079510703364
141,0,0,0,215.6,113,200.6,81,153.8,107,12.4,6,1,False,582.4,307,0.003257328990228013
132,0,0,0,169.9,107,209.4,121,206.1,79,11.5,2,1,False,596.9,309,0.003236245954692557
133,0,0,0,201.7,85,169.4,116,286.3,80,6.0,4,0,False,663.4000000000001,285,0.0
133,0,0,0,221.1,133,160.2,140,161.8,84,8.4,3,4,False,551.4999999999999,360,0.011111111111111112
93,0,1,32,218.7,117,115.0,61,192.7,85,9.4,5,2,False,535.8,268,0.007462686567164179
140,0,0,0,120.3,108,240.4,84,216.4,74,7.7,3,4,True,584.8000000000001,269,0.01486988847583643
144,0,0,0,278.5,95,240.7,90,120.0,90,11.6,5,1,True,650.8000000000001,280,0.0035714285714285713
24,0,1,29,236.3,105,190.8,114,129.0,105,7.2,2,3,False,563.3000000000001,326,0.009202453987730062
54,0,0,0,273.8,113,119.6,156,267.6,117,11.7,3,1,False,672.7,389,0.002570694087403599
50,0,0,0,131.1,129,160.5,94,206.9,88,5.6,9,5,True,504.1,320,0.015625
92,0,1,23,167.4,83,258.6,129,116.4,110,11.2,3,4,False,553.6,325,0.012307692307692308
96,0,0,0,197.7,68,250.5,53,181.2,67,10.5,3,3,False,639.9,191,0.015706806282722512
102,0,0,0,174.5,73,213.7,114,164.7,116,10.3,5,4,False,563.1999999999999,308,0.012987012987012988
99,0,0,0,200.0,66,107.9,104,233.7,82,11.4,2,3,False,552.9999999999999,254,0.011811023622047244
36,0,1,25,152.8,110,242.8,67,147.4,74,9.1,2,1,False,552.1,253,0.003952569169960474
70,0,0,0,129.9,102,208.7,133,231.4,93,14.3,3,1,False,584.3,331,0.0030211480362537764
109,1,0,0,268.4,85,150.6,131,297.9,84,9.7,8,2,True,726.6,308,0.006493506493506494
100,0,0,0,188.5,152,148.3,115,179.8,88,15.2,5,2,False,531.8000000000001,360,0.005555555555555556
80,0,0,0,149.8,123,276.3,75,241.4,75,10.9,7,2,False,678.4,280,0.007142857142857143
100,0,0,0,115.9,87,111.3,56,170.2,77,7.1,4,1,False,404.5,224,0.004464285714285714
50,0,0,0,131.7,108,216.5,103,196.1,126,11.0,5,1,False,555.3,342,0.0029239766081871343
105,0,0,0,101.4,48,159.1,119,259.2,53,12.2,2,1,False,531.9000000000001,222,0.0045045045045045045
113,0,1,23,149.0,104,235.8,67,201.8,76,9.5,5,4,False,596.1,252,0.015873015873015872
111,0,1,36,96.8,123,170.6,105,166.0,85,13.4,4,2,False,446.79999999999995,317,0.006309148264984227
161,0,0,0,107.5,121,256.4,46,247.2,131,12.6,3,2,False,623.6999999999999,301,0.006644518272425249
70,0,0,0,232.8,95,303.4,111,255.6,104,12.9,7,0,True,804.7,317,0.0
97,0,1,43,121.1,105,260.2,115,222.4,100,8.3,5,3,False,611.9999999999999,325,0.009230769230769232
130,0,0,0,124.3,70,270.7,99,239.5,83,3.5,6,0,False,638.0,258,0.0
92,0,0,0,157.7,101,298.6,100,216.9,99,13.8,3,1,False,687.0,303,0.0033003300330033004
119,0,0,0,124.3,68,207.1,88,157.4,93,14.8,1,0,False,503.59999999999997,250,0.0
115,0,0,0,286.4,125,205.7,74,191.4,141,6.9,6,1,True,690.4,346,0.002890173410404624
127,0,1,25,173.0,91,245.8,64,300.0,99,4.8,3,0,False,723.5999999999999,257,0.0
153,0,1,31,218.5,130,134.2,103,118.9,105,9.4,6,0,False,481.0,344,0.0
79,0,0,0,41.9,124,211.0,95,237.9,55,11.4,5,1,False,502.2,279,0.0035842293906810036
35,0,0,0,260.8,87,258.1,78,131.3,123,5.8,2,1,False,656.0,290,0.0034482758620689655
68,0,0,0,226.7,94,168.4,129,188.7,117,10.2,1,0,False,594.0,341,0.0
60,0,0,0,179.3,147,208.9,89,248.2,98,13.5,6,1,True,649.9000000000001,340,0.0029411764705882353
71,0,1,23,175.7,82,258.9,136,268.4,154,14.1,7,1,False,717.1,379,0.002638522427440633
124,0,0,0,157.4,107,167.8,112,188.8,102,8.8,3,3,False,522.8,324,0.009259259259259259
23,0,0,0,113.1,74,168.8,95,262.9,126,6.9,2,1,True,551.6999999999999,297,0.003367003367003367
225,0,0,0,182.7,142,246.5,63,218.0,103,8.8,2,1,False,656.0,310,0.0032258064516129032
181,1,0,0,161.3,83,124.4,83,262.0,98,14.1,3,0,True,561.8000000000001,267,0.0
63,0,0,0,142.5,92,208.3,102,228.9,120,7.5,2,2,False,587.2,316,0.006329113924050633
54,1,0,0,190.5,108,259.7,108,141.5,111,9.7,2,2,True,601.4000000000001,329,0.0060790273556231
80,1,1,15,159.3,110,170.6,120,141.2,82,11.9,5,1,False,482.99999999999994,317,0.0031545741324921135
118,1,1,39,153.8,106,123.3,111,117.8,103,9.2,6,1,False,404.1,326,0.003067484662576687
42,1,0,0,180.7,127,174.6,94,165.3,114,12.0,6,2,False,532.5999999999999,341,0.005865102639296188
134,0,0,0,202.7,105,224.9,90,253.9,108,12.1,7,0,False,693.6,310,0.0
66,0,1,35,190.8,100,261.3,93,209.5,108,8.9,6,0,False,670.5,307,0.0
66,0,0,0,205.1,102,232.7,109,259.9,95,9.2,6,2,False,706.9,312,0.00641025641025641
127,0,1,28,235.6,124,236.8,113,241.2,127,7.7,2,1,False,721.3,366,0.00273224043715847
146,0,0,0,189.3,77,155.9,128,186.0,83,7.4,3,0,False,538.6,291,0.0
93,0,1,42,166.9,101,273.2,84,171.0,106,11.5,1,1,False,622.6,292,0.003424657534246575
77,0,0,0,245.2,87,254.1,83,239.4,91,7.5,4,0,True,746.1999999999999,265,0.0
111,0,0,0,132.6,125,221.1,67,127.9,101,12.7,2,4,True,494.3,295,0.013559322033898305
115,0,1,14,192.3,86,88.7,90,229.4,120,10.5,3,2,False,520.9,299,0.006688963210702341
115,1,0,0,122.0,110,220.2,100,179.7,124,10.8,2,2,True,532.6999999999999,336,0.005952380952380952
114,0,0,0,193.0,101,250.0,81,133.3,79,9.6,2,2,False,585.9,263,0.0076045627376425855
106,0,0,0,158.6,112,220.0,114,252.9,106,9.1,3,0,False,640.6,335,0.0
59,0,0,0,153.6,92,205.5,88,114.5,89,12.5,10,1,False,486.1,279,0.0035842293906810036
87,1,1,40,221.6,79,157.1,74,222.4,124,11.5,3,1,False,612.6,280,0.0035714285714285713
21,0,0,0,244.7,81,168.0,117,281.5,87,6.6,1,1,False,700.8000000000001,286,0.0034965034965034965
142,0,1,24,239.8,103,285.9,65,256.7,106,9.5,4,0,False,791.9000000000001,278,0.0
149,0,0,0,242.5,83,245.4,97,219.6,80,10.0,3,3,True,717.5,263,0.011406844106463879
54,0,1,39,117.6,82,159.2,60,236.4,113,11.3,10,2,False,524.4999999999999,265,0.007547169811320755
88,0,0,0,218.2,76,169.3,60,141.1,99,8.0,1,1,False,536.6,236,0.00423728813559322
85,0,1,29,144.6,97,140.0,102,165.4,148,10.9,3,1,False,460.9,350,0.002857142857142857
51,1,0,0,153.6,108,232.9,85,214.2,92,14.1,4,0,True,614.8000000000001,289,0.0
45,0,1,29,135.8,104,222.5,101,235.6,92,7.9,6,2,False,601.8,303,0.006600660066006601
146,0,1,31,202.5,91,241.4,108,169.6,77,7.8,2,1,False,621.3,278,0.0035971223021582736
63,0,1,34,152.2,119,227.1,91,195.7,103,12.3,5,1,False,587.3,318,0.0031446540880503146
72,0,0,0,138.9,111,211.6,102,179.5,91,10.8,3,1,False,540.8,307,0.003257328990228013
130,0,0,0,127.0,102,206.9,107,231.7,99,6.1,6,0,False,571.6999999999999,314,0.0
97,0,0,0,168.6,87,259.2,105,279.8,123,7.3,4,1,False,714.8999999999999,319,0.003134796238244514
54,0,0,0,286.6,73,223.2,108,203.7,107,11.5,5,1,True,725.0,293,0.0034129692832764505
160,0,1,29,164.6,121,262.8,108,123.8,131,15.2,4,1,False,566.4,364,0.0027472527472527475
79,0,0,0,144.0,90,135.8,91,212.4,129,13.0,4,1,False,505.20000000000005,314,0.0031847133757961785
92,0,1,47,141.6,95,207.9,130,203.6,95,10.2,11,0,False,563.3000000000001,331,0.0
59,0,0,0,204.3,65,247.3,123,214.7,94,12.0,4,1,False,678.3,286,0.0034965034965034965
132,0,0,0,163.2,80,167.6,90,87.5,90,6.2,10,1,False,424.49999999999994,270,0.003703703703703704
93,0,0,0,176.1,103,199.7,130,263.9,96,8.5,6,2,False,648.1999999999999,335,0.005970149253731343
147,0,1,36,254.2,78,228.1,105,98.0,125,13.8,7,5,False,594.0999999999999,315,0.015873015873015872
101,0,0,0,174.9,105,262.0,75,210.0,93,8.5,5,1,False,655.4,278,0.0035971223021582736
125,1,0,0,187.3,118,160.7,111,263.8,112,9.6,2,0,True,621.4,343,0.0
63,0,0,0,211.8,84,230.9,137,217.1,99,10.7,9,3,False,670.5000000000001,329,0.00911854103343465
107,0,0,0,241.9,102,126.9,117,185.6,92,11.7,6,0,False,566.1,317,0.0
117,0,0,0,161.6,104,196.3,119,294.8,111,13.8,2,1,False,666.5,336,0.002976190476190476
124,0,0,0,194.0,103,241.0,116,227.5,153,11.9,5,0,False,674.4,377,0.0
115,0,0,0,109.7,148,223.8,87,240.3,96,15.4,8,3,False,589.1999999999999,339,0.008849557522123894
156,1,0,0,277.0,119,238.3,106,94.4,96,8.3,3,1,False,617.9999999999999,324,0.0030864197530864196
89,0,0,0,192.1,83,163.6,88,169.7,138,6.1,3,0,False,531.5,312,0.0
72,0,0,0,198.4,147,216.9,121,112.8,125,13.1,4,0,False,541.2,397,0.0
53,0,0,0,184.8,98,216.4,125,141.1,116,18.4,3,2,False,560.7,342,0.005847953216374269
116,0,0,0,167.8,119,142.0,123,190.7,128,7.3,4,2,False,507.8,374,0.0053475935828877
78,0,0,0,139.2,140,191.4,113,286.5,125,11.8,3,3,False,628.9,381,0.007874015748031496
56,0,0,0,121.6,84,165.3,115,243.9,95,8.9,2,1,False,539.6999999999999,296,0.0033783783783783786
123,0,1,39,270.4,99,245.1,110,108.9,113,15.4,7,1,False,639.8,329,0.00303951367781155
116,0,1,23,253.0,78,138.9,121,277.8,104,11.8,3,2,False,681.5,306,0.006535947712418301
102,0,0,0,200.6,106,152.5,127,199.4,128,7.7,2,3,False,560.2,363,0.008264462809917356
95,0,0,0,167.6,96,176.0,89,250.9,113,13.4,6,2,False,607.9,304,0.006578947368421052
102,0,0,0,156.5,67,204.3,103,141.9,72,9.9,2,2,False,512.6,244,0.00819672131147541
89,0,1,25,215.1,140,197.4,69,162.1,117,10.6,10,1,False,585.2,336,0.002976190476190476
50,0,0,0,301.7,82,167.1,118,72.2,89,10.5,6,1,False,551.5,295,0.003389830508474576
93,0,1,42,152.3,90,267.5,102,266.9,130,11.3,5,7,False,698.0,327,0.021406727828746176
68,0,0,0,195.4,116,212.1,101,138.4,134,15.1,11,1,False,561.0,362,0.0027624309392265192
70,0,0,0,208.7,97,275.5,83,182.5,122,8.0,3,2,False,674.7,305,0.006557377049180328
138,0,1,29,190.1,87,223.2,123,256.2,130,14.2,6,0,False,683.7,346,0.0
112,0,1,17,183.2,95,252.8,125,156.7,95,9.7,3,0,False,602.4000000000001,318,0.0
117,1,0,0,54.2,100,303.2,84,171.8,84,8.6,2,1,True,537.8000000000001,270,0.003703703703703704
1,0,1,26,208.0,115,185.0,113,177.7,144,8.1,9,1,False,578.8000000000001,381,0.0026246719160104987
70,0,0,0,230.3,110,77.9,87,247.1,105,13.2,4,1,False,568.5000000000001,306,0.0032679738562091504
52,0,1,21,195.7,119,106.2,95,157.4,94,5.3,3,2,False,464.59999999999997,311,0.006430868167202572
105,0,0,0,166.1,93,175.9,106,243.5,55,16.2,3,2,False,601.7,257,0.007782101167315175
77,0,1,28,135.9,117,244.5,102,207.5,74,11.5,3,4,True,599.4,296,0.013513513513513514
80,1,0,0,189.1,122,223.2,92,269.0,116,13.9,3,2,True,695.1999999999999,333,0.006006006006006006
120,0,1,43,177.9,117,175.1,70,161.3,117,11.5,4,1,False,525.8,308,0.003246753246753247
54,0,1,39,143.9,73,210.3,117,129.2,117,12.5,8,2,False,495.90000000000003,315,0.006349206349206349
148,1,0,0,148.2,138,159.6,123,197.4,62,8.6,3,2,False,513.8,326,0.006134969325153374
119,0,0,0,287.1,115,159.3,99,216.8,86,13.9,1,2,True,677.1,301,0.006644518272425249
85,0,0,0,165.8,96,190.0,141,144.0,116,10.9,3,5,True,510.7,356,0.014044943820224719
101,0,1,25,144.1,144,167.6,105,240.0,107,14.5,3,1,False,566.2,359,0.002785515320334262
172,0,0,0,172.5,85,253.1,71,221.6,113,5.9,6,0,False,653.1,275,0.0
80,0,0,0,199.8,138,167.1,91,271.8,94,5.5,4,1,False,644.2,327,0.0030581039755351682
67,0,0,0,109.1,134,142.3,76,91.2,86,10.9,5,2,False,353.5,301,0.006644518272425249
86,0,0,0,171.8,106,301.7,44,139.4,108,9.7,5,1,False,622.6,263,0.0038022813688212928
107,0,0,0,222.3,101,286.0,111,249.4,117,12.1,4,1,True,769.8000000000001,333,0.003003003003003003
133,0,0,0,245.8,102,264.7,90,111.7,103,11.2,7,0,False,633.4000000000001,302,0.0
116,0,0,0,164.6,110,270.6,103,230.4,109,8.0,3,0,False,673.6,325,0.0
63,0,0,0,211.7,107,271.7,77,203.3,108,7.4,7,0,False,694.1,299,0.0
119,1,1,16,147.2,103,160.1,96,184.0,120,7.7,2,0,True,498.99999999999994,321,0.0
133,1,0,0,254.7,103,252.2,80,178.1,103,8.0,3,0,True,693.0,289,0.0
94,1,0,0,170.1,113,271.8,94,110.7,78,8.7,4,1,False,561.3000000000001,289,0.0034602076124567475
69,0,0,0,195.1,91,261.5,57,203.8,90,11.4,5,0,False,671.8000000000001,243,0.0
146,0,0,0,149.3,83,187.1,130,149.8,100,7.9,4,7,True,494.09999999999997,317,0.022082018927444796
142,1,1,25,191.1,109,149.6,120,227.8,60,9.8,3,0,False,578.3,292,0.0
123,0,0,0,206.9,115,224.4,86,197.4,60,8.3,2,3,False,637.0,263,0.011406844106463879
101,0,0,0,239.0,156,273.0,106,278.2,93,13.5,8,1,True,803.7,363,0.0027548209366391185
43,0,0,0,179.3,97,252.7,126,227.5,114,8.0,5,0,False,667.5,342,0.0
69,0,0,0,185.3,91,219.1,88,243.6,107,5.5,5,0,False,653.5,291,0.0
15,1,0,0,141.4,80,123.9,76,323.5,88,8.1,3,2,False,596.9,247,0.008097165991902834
67,0,0,0,152.5,131,252.4,107,185.4,104,4.9,3,2,False,595.1999999999999,345,0.005797101449275362
99,0,0,0,145.6,102,230.9,87,181.5,86,11.4,7,1,False,569.4,282,0.0035460992907801418
46,0,0,0,164.2,116,196.2,153,236.1,119,8.1,1,1,False,604.6,389,0.002570694087403599
55,1,0,0,221.0,115,165.4,97,235.4,117,9.7,4,1,False,631.5,333,0.003003003003003003
39,0,0,0,295.4,126,232.1,117,204.4,123,11.5,2,1,True,743.4,368,0.002717391304347826
92,0,0,0,139.8,98,174.9,143,201.6,135,9.4,7,2,False,525.7,383,0.005221932114882507
56,0,0,0,162.3,99,149.1,78,255.5,115,14.8,1,4,True,581.6999999999999,293,0.013651877133105802
76,0,0,0,272.7,97,236.4,95,235.5,105,7.7,2,0,True,752.3000000000001,299,0.0
132,1,1,33,200.3,75,226.6,67,198.8,91,12.9,3,2,False,638.6,236,0.00847457627118644
51,1,1,12,135.8,60,200.6,134,192.4,98,12.3,7,2,False,541.0999999999999,299,0.006688963210702341
27,0,0,0,236.7,110,231.9,92,164.7,85,12.7,6,1,False,646.0,293,0.0034129692832764505
224,0,0,0,111.4,133,175.0,66,217.2,106,5.5,6,3,False,509.09999999999997,311,0.00964630225080386
105,1,1,28,156.1,89,107.1,114,167.7,95,14.7,3,0,True,445.59999999999997,301,0.0
117,0,0,0,191.1,93,282.8,56,84.8,118,12.0,4,2,False,570.6999999999999,271,0.007380073800738007
146,0,0,0,205.4,101,134.9,77,310.5,83,10.3,2,3,False,661.0999999999999,263,0.011406844106463879
147,1,0,0,225.2,111,184.9,98,143.2,146,9.9,1,0,True,563.1999999999999,356,0.0
68,0,0,0,249.9,127,254.5,118,273.2,98,8.9,6,2,True,786.4999999999999,349,0.0057306590257879654
68,0,0,0,131.6,89,137.0,109,256.3,107,10.2,5,3,False,535.1000000000001,310,0.00967741935483871
159,0,0,0,275.8,103,189.5,108,223.9,93,7.4,5,2,True,696.6,309,0.006472491909385114
134,0,1,40,142.9,105,88.6,61,290.0,96,10.8,6,1,False,532.3,268,0.0037313432835820895
113,0,0,0,207.2,113,256.0,80,211.0,87,9.9,1,1,False,684.1,281,0.0035587188612099642
132,0,0,0,206.2,100,211.2,118,196.2,122,10.2,6,1,False,623.8,346,0.002890173410404624
93,1,1,38,225.7,117,119.6,122,193.2,125,14.0,7,1,True,552.5,371,0.0026954177897574125
174,0,1,33,167.8,91,205.3,91,130.0,132,14.5,4,4,True,517.6,318,0.012578616352201259
61,0,0,0,197.7,118,152.2,96,221.0,93,7.0,3,2,False,577.9,310,0.0064516129032258064
91,0,1,39,169.8,105,65.2,116,144.4,92,10.9,4,1,False,390.29999999999995,317,0.0031545741324921135
88,0,1,28,190.6,104,237.3,105,211.6,116,9.8,1,2,False,649.3,326,0.006134969325153374
88,0,1,45,80.3,140,153.3,101,309.2,123,12.8,3,2,False,555.5999999999999,367,0.005449591280653951
182,0,0,0,69.1,114,230.3,109,256.7,96,6.5,4,0,False,562.5999999999999,323,0.0
118,0,0,0,188.8,60,217.4,64,220.1,100,8.2,7,4,False,634.5000000000001,231,0.017316017316017316
103,0,0,0,150.6,125,169.1,126,221.2,104,10.4,8,8,True,551.3,363,0.02203856749311295
65,0,0,0,192.0,89,139.5,88,187.4,102,5.5,4,2,False,524.4,283,0.007067137809187279
61,0,1,25,163.7,78,113.2,112,134.1,118,9.9,3,3,False,420.9,311,0.00964630225080386
172,0,0,0,211.7,100,198.7,101,301.7,136,6.5,9,1,False,718.5999999999999,346,0.002890173410404624
72,0,0,0,175.5,103,132.3,120,242.9,96,11.8,3,1,False,562.5,322,0.003105590062111801
113,0,0,0,150.1,120,200.1,85,266.7,105,11.0,3,2,False,627.9,313,0.006389776357827476
67,0,0,0,215.5,102,190.7,95,214.5,106,8.6,6,1,False,629.3000000000001,309,0.003236245954692557
136,0,0,0,101.7,105,202.8,99,136.2,119,9.4,6,3,False,450.09999999999997,329,0.00911854103343465
71,0,0,0,258.4,132,126.8,119,182.4,87,9.7,8,4,False,577.3000000000001,346,0.011560693641618497
134,0,0,0,242.4,126,152.9,115,318.3,115,11.8,6,1,False,725.4,362,0.0027624309392265192
84,0,0,0,190.2,102,197.7,141,247.5,102,9.8,6,2,False,645.1999999999999,351,0.005698005698005698
39,0,0,0,154.1,104,204.2,112,196.2,92,9.8,4,2,False,564.3,312,0.00641025641025641
110,0,0,0,188.0,127,90.5,118,150.3,64,15.3,3,3,False,444.1,312,0.009615384615384616
102,0,0,0,103.1,70,275.0,129,141.1,92,11.2,5,1,False,530.4000000000001,296,0.0033783783783783786
70,0,0,0,175.4,130,159.5,130,260.6,96,11.6,4,0,False,607.1,360,0.0
142,0,0,0,145.4,93,209.1,98,214.0,96,10.9,1,1,False,579.4,288,0.003472222222222222
17,0,0,0,161.5,123,214.2,81,315.0,106,8.6,5,1,False,699.3000000000001,315,0.0031746031746031746
119,0,0,0,260.1,101,256.5,68,229.1,89,10.0,2,1,True,755.7,260,0.0038461538461538464
108,1,1,42,130.1,90,167.0,128,244.7,80,13.6,5,3,True,555.4,303,0.009900990099009901
90,0,0,0,102.0,118,113.3,134,188.6,105,11.4,3,2,False,415.29999999999995,360,0.005555555555555556
100,0,1,33,218.7,104,155.0,144,99.0,117,12.1,4,1,False,484.8,369,0.0027100271002710027
155,0,1,30,128.5,86,188.4,91,254.4,85,6.8,6,1,False,578.0999999999999,268,0.0037313432835820895
113,0,0,0,128.7,100,227.1,67,178.1,135,9.2,4,2,True,543.1,306,0.006535947712418301
123,0,0,0,172.2,92,162.6,76,250.3,101,8.7,4,1,False,593.8,273,0.003663003663003663
145,0,0,0,199.2,124,126.0,86,289.2,135,7.6,3,1,False,622.0,348,0.0028735632183908046
42,0,0,0,184.5,98,200.5,93,279.2,91,8.8,3,2,False,673.0,285,0.007017543859649123
125,0,0,0,168.6,99,175.6,107,243.3,92,10.9,7,0,False,598.4,305,0.0
131,0,1,30,174.0,118,205.3,81,218.2,90,6.7,3,1,False,604.2,292,0.003424657534246575
107,0,0,0,230.4,65,257.4,80,107.3,88,8.5,3,1,False,603.5999999999999,236,0.00423728813559322
48,0,0,0,198.2,73,202.8,115,146.4,73,5.1,5,1,False,552.5,266,0.0037593984962406013
76,0,0,0,186.1,96,211.6,100,230.6,100,8.0,4,0,False,636.3,300,0.0
128,0,0,0,148.5,105,243.0,106,255.2,114,6.8,2,1,False,653.5,327,0.0030581039755351682
73,0,0,0,157.1,109,268.8,83,181.5,91,10.0,8,0,False,617.4,291,0.0
52,0,0,0,155.0,110,133.4,104,176.1,84,7.0,4,4,True,471.5,302,0.013245033112582781
124,0,0,0,188.5,77,182.0,123,218.2,127,6.1,6,1,False,594.8000000000001,333,0.003003003003003003
137,0,0,0,208.8,120,225.3,100,221.6,130,11.1,5,0,False,666.8000000000001,355,0.0
107,0,1,30,198.9,87,207.0,90,159.8,76,12.6,4,3,False,578.3000000000001,257,0.011673151750972763
147,0,0,0,212.8,79,204.1,91,156.2,113,10.2,2,1,False,583.3,285,0.0035087719298245615
116,0,0,0,137.4,126,120.0,94,130.3,64,12.4,2,3,False,400.09999999999997,286,0.01048951048951049
60,0,1,31,191.8,75,267.8,135,200.5,62,12.8,3,2,False,672.9,275,0.007272727272727273
38,0,0,0,149.0,92,49.2,78,163.3,93,13.9,11,0,False,375.4,274,0.0
63,0,0,0,117.1,118,249.6,90,162.2,84,11.1,4,3,False,540.0,296,0.010135135135135136
94,0,0,0,108.0,79,241.9,152,252.1,92,10.4,3,3,False,612.4,326,0.009202453987730062
131,0,0,0,112.8,133,199.4,116,142.7,105,10.1,5,0,False,465.0,359,0.0
158,0,0,0,175.9,105,188.3,88,188.3,98,11.0,6,1,False,563.5,297,0.003367003367003367
139,0,0,0,236.6,109,169.9,107,212.3,118,11.1,2,1,True,629.9,336,0.002976190476190476
140,0,0,0,129.6,79,246.2,99,172.1,124,9.4,10,3,False,557.3,312,0.009615384615384616
52,0,1,20,133.3,63,184.1,123,272.9,107,13.5,2,1,False,603.8,295,0.003389830508474576
103,0,0,0,167.8,121,212.9,123,208.2,73,13.0,3,5,False,601.9000000000001,320,0.015625
85,0,1,21,283.2,110,239.7,108,149.5,80,6.3,1,5,False,678.6999999999999,299,0.016722408026755852
71,0,0,0,141.2,132,149.1,90,171.4,72,7.0,2,2,False,468.69999999999993,296,0.006756756756756757
177,0,1,27,230.2,106,196.1,78,215.4,108,10.4,2,1,False,652.0999999999999,294,0.003401360544217687
49,1,0,0,237.8,92,208.9,119,167.8,86,15.6,6,2,True,630.1,303,0.006600660066006601
106,1,0,0,204.0,84,168.5,61,164.0,102,13.3,3,3,True,549.8,250,0.012
60,0,0,0,221.1,106,178.6,48,202.7,90,7.4,3,1,False,609.8,247,0.004048582995951417
43,0,0,0,177.2,93,142.6,60,314.1,144,12.7,2,4,False,646.6,299,0.013377926421404682
125,0,0,0,163.8,73,255.6,85,192.9,95,15.7,4,0,False,628.0,257,0.0
114,0,1,4,141.3,96,230.4,88,223.7,85,9.4,3,3,False,604.8000000000001,272,0.011029411764705883
112,0,0,0,272.5,119,226.1,94,159.1,94,16.4,5,3,True,674.1,312,0.009615384615384616
101,0,1,16,118.9,112,228.3,97,180.1,111,8.2,5,2,False,535.5000000000001,325,0.006153846153846154
70,0,0,0,7.9,100,136.4,83,156.6,89,12.1,1,0,False,313.0,273,0.0
59,0,0,0,159.5,96,167.2,123,138.6,106,10.2,4,0,False,475.49999999999994,329,0.0
59,0,0,0,150.2,70,185.7,98,212.5,128,12.1,2,1,False,560.5,298,0.003355704697986577
99,0,0,0,140.7,88,210.9,98,229.9,125,12.4,4,2,False,593.9,315,0.006349206349206349
150,0,0,0,169.2,123,216.8,83,179.4,107,12.6,3,1,False,578.0,316,0.0031645569620253164
81,0,0,0,220.8,77,148.5,87,183.9,100,7.6,3,2,False,560.8000000000001,267,0.00749063670411985
86,0,0,0,216.3,96,266.3,77,214.0,110,4.5,3,0,False,701.1,286,0.0
84,0,0,0,169.5,96,157.6,94,98.2,70,10.6,7,0,False,435.90000000000003,267,0.0
118,0,1,35,256.3,119,258.1,91,215.5,130,11.7,1,1,False,741.6000000000001,341,0.002932551319648094
89,0,0,0,179.7,128,299.8,92,185.3,120,7.6,3,1,False,672.4,343,0.0029154518950437317
93,0,0,0,266.0,120,130.1,84,165.8,63,13.1,6,3,False,575.0000000000001,273,0.01098901098901099
85,0,0,0,96.7,97,193.8,95,171.7,88,9.7,3,2,False,471.9,283,0.007067137809187279
160,0,0,0,82.7,116,194.6,95,159.0,54,10.9,9,0,False,447.2,274,0.0
28,0,0,0,168.2,87,161.7,92,192.4,112,10.1,3,3,False,532.4,294,0.01020408163265306
73,0,0,0,286.4,109,178.2,67,214.2,152,10.7,14,1,True,689.5,342,0.0029239766081871343
156,0,0,0,174.3,95,186.6,128,258.2,105,12.9,5,3,False,631.9999999999999,333,0.009009009009009009
33,1,0,0,190.6,100,161.7,104,189.9,136,13.0,6,1,False,555.1999999999999,346,0.002890173410404624
77,0,0,0,175.5,86,205.1,78,245.2,100,17.8,3,4,False,643.5999999999999,267,0.0149812734082397
119,0,0,0,133.4,102,204.6,71,196.9,103,11.1,7,1,False,546.0,283,0.0035335689045936395
91,0,1,27,204.6,96,136.0,93,210.5,82,6.6,2,3,False,557.7,273,0.01098901098901099
102,0,0,0,242.2,88,233.2,89,188.5,121,6.2,6,3,False,670.1,304,0.009868421052631578
86,0,1,33,253.1,112,210.1,94,95.0,98,11.9,4,3,False,570.1,308,0.00974025974025974
82,0,0,0,130.0,110,185.3,88,178.7,105,8.3,4,0,False,502.3,307,0.0
89,0,0,0,105.9,151,189.6,142,170.9,67,12.7,7,0,False,479.09999999999997,367,0.0
86,0,0,0,194.2,98,193.8,95,192.0,123,9.3,7,3,False,589.3,323,0.009287925696594427
92,0,0,0,196.5,82,190.0,89,163.2,99,10.8,2,2,False,560.5,272,0.007352941176470588
87,0,0,0,184.5,81,172.0,103,183.4,96,13.7,3,3,False,553.6,283,0.01060070671378092
64,0,0,0,261.9,113,148.1,99,145.2,74,13.8,4,0,False,569.0,290,0.0
80,0,0,0,202.4,118,260.2,67,177.4,112,9.2,5,3,False,649.2,302,0.009933774834437087
165,0,1,39,167.4,113,172.7,94,192.6,113,9.5,4,3,False,542.2,324,0.009259259259259259
153,0,1,22,167.7,104,246.8,91,203.9,117,7.5,11,1,False,625.9,323,0.0030959752321981426
108,0,0,0,240.2,78,230.3,109,217.0,83,5.2,1,2,False,692.7,271,0.007380073800738007
104,0,1,26,189.1,112,178.2,97,199.3,104,11.1,4,1,False,577.6999999999999,317,0.0031545741324921135
115,0,0,0,127.7,67,182.9,90,172.9,92,10.6,7,1,False,494.1,256,0.00390625
87,0,0,0,205.2,106,99.5,122,189.5,75,13.4,3,1,False,507.59999999999997,306,0.0032679738562091504
119,0,0,0,154.5,129,193.6,87,180.9,145,13.4,3,2,False,542.4,364,0.005494505494505495
69,0,0,0,153.7,109,194.0,105,256.1,114,14.1,6,1,False,617.9,334,0.0029940119760479044
93,0,0,0,328.1,106,151.7,89,303.5,114,8.7,3,1,True,792.0,312,0.003205128205128205
154,1,0,0,145.9,69,208.2,141,180.9,106,14.4,10,0,True,549.4,326,0.0
57,0,1,37,201.2,76,280.1,122,154.2,110,11.8,1,1,False,647.3,309,0.003236245954692557
130,0,0,0,139.1,72,246.0,112,207.2,121,11.4,9,5,False,603.6999999999999,314,0.01592356687898089
151,0,0,0,118.9,128,278.3,65,194.8,61,13.2,10,2,False,605.2,264,0.007575757575757576
162,0,0,0,217.6,87,279.0,71,250.7,65,10.4,4,2,True,757.6999999999999,227,0.00881057268722467
60,0,0,0,145.0,133,209.1,92,328.5,112,14.6,2,1,False,697.2,339,0.0029498525073746312
81,0,0,0,203.5,89,289.6,69,212.9,71,8.7,3,3,False,714.7,232,0.01293103448275862
136,0,0,0,269.8,106,228.8,101,257.5,106,10.1,8,1,True,766.2,321,0.003115264797507788
121,0,1,21,126.3,84,209.6,102,192.5,129,10.6,2,1,False,539.0,317,0.0031545741324921135
105,0,1,15,88.1,125,175.9,142,269.9,85,9.7,1,2,False,543.6,353,0.0056657223796034
105,0,1,34,218.5,61,196.7,74,151.1,103,9.9,4,2,False,576.1999999999999,242,0.008264462809917356
51,0,1,26,236.8,61,263.4,97,181.1,91,11.2,8,1,False,692.5,257,0.0038910505836575876
64,0,0,0,124.1,117,192.8,108,162.9,84,6.4,5,3,False,486.19999999999993,314,0.009554140127388535
80,1,1,30,184.2,132,167.5,109,212.8,114,10.0,10,0,False,574.5,365,0.0
56,0,0,0,222.7,133,277.0,89,101.8,94,13.6,4,4,False,615.1,320,0.0125
120,0,0,0,149.2,98,193.6,88,248.9,119,11.1,5,1,False,602.8,310,0.0032258064516129032
103,0,0,0,206.5,125,180.2,113,220.6,95,12.2,4,3,False,619.5,337,0.008902077151335312
164,0,1,27,159.7,102,168.8,113,244.1,127,9.6,9,3,False,582.2,351,0.008547008547008548
116,0,1,27,204.7,118,209.4,91,212.9,67,7.0,2,2,False,634.0,278,0.007194244604316547
121,0,0,0,213.2,79,120.7,116,244.4,102,7.5,4,1,False,585.8,301,0.0033222591362126247
183,0,0,0,116.7,92,213.8,112,214.3,112,9.7,6,2,False,554.5,322,0.006211180124223602
104,0,0,0,263.4,101,235.5,117,102.0,146,13.0,4,0,False,613.9,368,0.0
90,0,0,0,140.2,97,213.9,102,120.0,126,7.1,2,1,False,481.20000000000005,327,0.0030581039755351682
82,0,0,0,197.7,101,127.6,83,142.1,103,13.5,3,1,False,480.9,290,0.0034482758620689655
9,0,1,16,88.5,87,178.8,108,228.7,96,11.5,3,2,False,507.5,294,0.006802721088435374
97,0,0,0,215.3,58,242.4,91,279.8,105,12.1,9,0,False,749.6,263,0.0
127,0,1,25,203.8,118,267.1,48,225.1,105,7.3,5,0,False,703.3,276,0.0
125,0,1,34,268.4,112,222.2,108,117.6,102,10.3,3,0,False,618.4999999999999,325,0.0
140,0,0,0,159.1,104,269.8,106,220.4,116,10.3,4,1,False,659.5999999999999,330,0.0030303030303030303
90,0,0,0,114.4,122,127.7,154,253.1,109,10.1,5,2,False,505.30000000000007,390,0.005128205128205128
67,0,0,0,138.9,65,208.9,109,232.4,82,9.2,3,2,False,589.4000000000001,259,0.007722007722007722
113,0,0,0,186.0,55,237.4,105,148.1,83,12.2,6,1,False,583.7,249,0.004016064257028112
121,0,1,26,170.4,91,254.5,90,219.6,122,15.1,5,0,False,659.6,308,0.0
93,0,0,0,164.5,95,230.9,87,149.9,91,9.9,3,4,False,555.1999999999999,276,0.014492753623188406
121,0,0,0,168.6,121,168.6,94,95.3,59,12.3,4,1,False,444.8,278,0.0035971223021582736
53,0,0,0,261.2,119,250.8,105,176.0,112,9.8,2,0,True,697.8,338,0.0
75,0,0,0,190.5,91,178.4,75,162.4,113,13.1,5,1,False,544.4,284,0.0035211267605633804
132,0,0,0,181.1,121,314.4,109,246.7,81,4.2,9,2,False,746.4000000000001,320,0.00625
162,0,0,0,177.1,131,114.7,122,153.6,88,6.5,6,3,False,451.9,347,0.008645533141210375
140,0,0,0,160.5,114,240.5,103,233.5,121,11.3,4,1,False,645.8,342,0.0029239766081871343
91,0,0,0,134.7,116,295.3,98,195.5,121,6.6,5,2,False,632.1,340,0.0058823529411764705
73,0,1,28,198.2,107,139.1,123,199.1,139,8.8,1,2,False,545.1999999999999,370,0.005405405405405406
95,1,0,0,228.9,134,255.7,71,208.0,120,10.1,2,4,True,702.7,327,0.012232415902140673
145,0,0,0,241.7,137,135.8,100,277.6,123,13.1,3,0,False,668.2,363,0.0
100,0,0,0,131.1,108,176.2,81,89.7,81,4.3,4,1,False,401.29999999999995,274,0.0036496350364963502
122,0,0,0,234.1,101,200.2,121,237.4,89,13.1,9,2,False,684.8,320,0.00625
109,0,0,0,200.1,72,300.9,120,236.0,68,11.9,5,0,False,748.9,265,0.0
82,0,0,0,154.0,107,94.4,114,287.6,95,10.1,7,1,False,546.1,323,0.0030959752321981426
65,0,1,23,224.2,106,189.6,100,222.8,75,9.8,4,0,False,646.3999999999999,285,0.0
52,0,0,0,148.3,83,181.6,79,155.6,104,8.3,6,3,False,493.8,272,0.011029411764705883
136,0,1,24,174.6,76,176.6,114,214.4,91,8.8,5,2,False,574.4,286,0.006993006993006993
75,0,0,0,138.5,110,153.2,86,215.6,103,11.1,7,1,False,518.4,306,0.0032679738562091504
146,0,0,0,109.0,69,265.8,98,228.3,80,12.6,2,1,False,615.7,249,0.004016064257028112
105,0,0,0,162.3,99,212.5,95,214.7,114,11.1,8,4,False,600.6,316,0.012658227848101266
48,0,0,0,210.8,84,189.6,98,157.6,99,16.4,3,2,False,574.4,284,0.007042253521126761
45,0,0,0,142.4,107,318.7,78,224.1,108,11.1,7,1,False,696.3000000000001,300,0.0033333333333333335
106,0,1,37,223.5,104,235.1,99,140.1,90,10.6,5,2,False,609.3000000000001,298,0.006711409395973154
33,0,0,0,182.5,65,232.1,96,149.2,82,7.5,2,2,False,571.3,245,0.00816326530612245
106,0,0,0,193.6,66,238.2,82,176.4,107,12.9,3,0,False,621.0999999999999,258,0.0
141,0,0,0,192.4,111,156.9,87,175.8,82,11.0,6,0,False,536.1,286,0.0
94,0,1,28,233.2,88,113.3,102,118.0,71,16.1,4,0,False,480.6,265,0.0
65,0,0,0,158.8,53,188.5,132,189.3,87,9.8,4,2,False,546.4,276,0.007246376811594203
85,0,0,0,126.1,112,274.7,126,184.4,95,9.8,4,1,False,594.9999999999999,337,0.002967359050445104
71,0,0,0,290.4,108,253.9,92,263.3,126,10.1,5,3,True,817.6999999999999,331,0.00906344410876133
112,0,1,30,60.6,113,165.9,96,132.8,99,13.3,7,0,False,372.6,315,0.0
110,0,0,0,148.4,95,193.8,98,206.0,106,6.9,6,0,False,555.1,305,0.0
111,0,0,0,246.5,108,216.3,89,179.6,99,12.7,3,2,False,655.1,299,0.006688963210702341
74,0,0,0,298.1,112,201.3,100,214.7,88,9.7,4,2,True,723.8000000000001,304,0.006578947368421052
105,0,0,0,119.3,82,185.1,111,157.0,74,10.9,4,2,False,472.29999999999995,271,0.007380073800738007
40,0,0,0,242.5,82,232.9,97,154.0,86,9.6,7,0,False,639.0,272,0.0
128,1,1,18,222.1,89,160.6,109,218.8,102,13.6,2,0,True,615.1,302,0.0
123,0,0,0,236.2,135,273.9,88,227.0,77,10.1,6,2,True,747.1999999999999,306,0.006535947712418301
122,0,0,0,144.2,87,212.2,74,169.3,87,9.5,4,0,False,535.2,252,0.0
114,0,1,19,154.6,100,241.6,109,160.0,112,12.6,1,3,False,568.8000000000001,322,0.009316770186335404
102,0,1,25,137.4,100,176.7,83,188.2,93,10.2,6,2,False,512.5,282,0.0070921985815602835
126,0,0,0,103.7,93,127.0,107,329.3,66,14.4,1,0,False,574.4,267,0.0
150,0,0,0,136.6,112,209.4,81,161.1,78,12.2,2,4,True,519.3000000000001,273,0.014652014652014652
60,0,0,0,289.8,101,255.6,115,242.8,76,11.7,4,2,True,799.9000000000001,296,0.006756756756756757
138,1,0,0,196.2,129,176.5,86,232.4,108,15.2,1,0,True,620.3000000000001,324,0.0
29,0,0,0,195.6,71,126.4,74,148.6,87,14.2,4,1,False,484.8,236,0.00423728813559322
111,0,0,0,222.2,96,162.5,111,184.9,120,11.9,7,4,False,581.5,334,0.011976047904191617
37,1,0,0,172.9,119,183.0,86,226.4,100,9.8,1,0,True,592.0999999999999,306,0.0
81,0,0,0,154.5,84,216.2,91,229.8,82,13.7,3,1,False,614.2,260,0.0038461538461538464
46,0,0,0,90.4,108,276.2,77,146.5,111,12.7,2,1,False,525.8000000000001,298,0.003355704697986577
125,0,0,0,106.1,95,157.6,113,192.5,69,8.1,3,1,False,464.3,280,0.0035714285714285713
43,0,0,0,27.0,117,160.9,97,279.5,96,10.7,3,3,False,478.09999999999997,313,0.009584664536741214
94,0,0,0,245.0,112,180.4,91,262.9,105,9.7,6,1,False,698.0,314,0.0031847133757961785
46,0,0,0,196.7,85,205.9,74,216.6,112,11.2,5,3,False,630.4000000000001,276,0.010869565217391304
73,0,1,26,131.2,98,106.5,97,221.7,96,10.2,6,2,False,469.59999999999997,297,0.006734006734006734
146,0,1,23,149.6,96,239.8,124,293.5,135,7.4,4,2,False,690.3,359,0.005571030640668524
93,0,0,0,239.8,70,251.8,99,168.6,112,10.9,10,1,False,671.1,291,0.003436426116838488
52,0,1,31,142.1,77,193.0,97,253.4,88,11.0,4,1,False,599.5,266,0.0037593984962406013
202,0,0,0,115.4,137,178.7,70,185.7,113,6.0,3,3,False,485.8,323,0.009287925696594427
129,0,1,31,193.0,99,224.8,87,197.6,91,10.3,8,2,False,625.6999999999999,285,0.007017543859649123
94,0,0,0,206.1,49,224.6,115,256.7,74,13.0,1,1,False,700.4,239,0.0041841004184100415
100,0,0,0,160.3,138,221.3,92,150.4,120,11.2,2,0,False,543.2,352,0.0
43,0,0,0,199.9,108,288.4,80,180.6,103,11.3,7,1,False,680.1999999999999,298,0.003355704697986577
130,0,0,0,213.1,105,206.2,108,163.4,93,8.9,3,0,False,591.5999999999999,309,0.0
124,0,0,0,178.3,102,235.0,120,239.7,119,10.9,1,3,False,663.9,342,0.008771929824561403
92,1,0,0,252.3,120,207.0,112,284.6,95,12.0,5,3,True,755.9000000000001,332,0.009036144578313253
48,0,0,0,197.7,64,136.7,126,244.4,81,13.2,5,4,False,592.0,276,0.014492753623188406
98,0,1,29,111.1,105,217.9,101,248.1,108,6.6,3,2,False,583.7,317,0.006309148264984227
100,0,0,0,96.5,86,210.2,133,146.4,106,12.5,3,1,True,465.6,328,0.003048780487804878
79,0,0,0,156.9,109,122.2,87,189.1,103,11.3,5,3,False,479.50000000000006,304,0.009868421052631578
164,0,0,0,123.3,78,170.0,85,165.9,78,12.7,2,1,False,471.90000000000003,243,0.00411522633744856
89,1,0,0,206.9,134,167.7,105,155.7,86,10.9,4,0,False,541.1999999999999,329,0.0
126,0,0,0,249.8,96,261.9,92,166.8,108,12.7,4,3,True,691.2,300,0.01
96,0,0,0,144.0,102,224.7,73,227.7,91,10.0,7,1,False,606.4,273,0.003663003663003663
120,0,1,33,299.5,83,163.4,84,146.7,88,11.6,5,0,False,621.1999999999999,260,0.0
212,0,0,0,226.0,127,304.6,83,181.2,132,12.6,4,2,True,724.4,346,0.005780346820809248
72,0,0,0,137.6,106,143.5,94,273.7,110,9.6,6,2,False,564.4,316,0.006329113924050633
155,1,1,26,211.7,121,139.2,123,146.7,89,11.1,3,1,False,508.7,336,0.002976190476190476
89,0,0,0,89.7,80,179.8,81,145.7,120,9.5,4,2,False,424.7,285,0.007017543859649123
126,1,0,0,197.6,126,246.5,112,285.3,104,12.5,8,2,False,741.9000000000001,350,0.005714285714285714
172,0,0,0,270.0,102,256.6,111,168.5,104,12.0,5,2,True,707.1,322,0.006211180124223602
143,0,0,0,194.3,99,123.6,133,229.5,99,10.2,2,2,False,557.6,333,0.006006006006006006
166,1,0,0,47.7,89,264.4,95,235.2,97,13.2,3,0,True,560.5,284,0.0
132,0,0,0,190.1,105,182.2,116,279.8,105,13.0,2,1,False,665.0999999999999,328,0.003048780487804878
94,1,0,0,89.5,94,339.9,106,172.9,76,7.9,1,1,True,610.1999999999999,277,0.0036101083032490976
99,0,0,0,182.6,83,154.5,111,196.0,57,12.1,5,0,False,545.2,256,0.0
136,0,1,35,205.5,86,298.5,119,214.2,104,6.9,4,1,False,725.1,313,0.003194888178913738
119,0,0,0,231.5,82,266.9,97,211.0,118,7.4,10,1,False,716.8,307,0.003257328990228013
115,1,0,0,251.3,69,252.5,96,118.3,112,9.9,1,3,True,632.0,278,0.01079136690647482
160,0,0,0,171.2,103,243.5,121,178.2,92,13.0,3,2,False,605.9,319,0.006269592476489028
166,0,0,0,197.9,89,251.0,113,138.3,85,11.2,2,2,False,598.4000000000001,289,0.006920415224913495
120,0,0,0,134.8,94,204.1,106,238.4,109,6.7,8,1,False,584.0,317,0.0031545741324921135
173,0,0,0,191.4,114,168.5,138,109.3,99,10.3,3,1,False,479.5,354,0.002824858757062147
156,0,0,0,174.5,65,197.4,116,238.5,86,10.6,2,0,False,621.0,269,0.0
70,0,0,0,177.4,125,226.2,104,254.1,72,10.9,4,0,False,668.6,305,0.0
41,0,0,0,182.1,89,211.5,104,207.4,124,6.8,1,1,False,607.8,318,0.0031446540880503146
132,0,0,0,222.4,85,165.4,76,208.4,97,11.2,4,0,False,607.4000000000001,262,0.0
47,1,0,0,47.8,120,178.9,123,152.6,96,13.3,7,0,True,392.59999999999997,346,0.0
160,0,0,0,121.8,97,89.3,97,150.7,92,10.3,5,1,False,372.09999999999997,291,0.003436426116838488
180,0,0,0,143.5,121,189.3,111,174.9,82,8.8,5,3,False,516.5,319,0.009404388714733543
93,0,0,0,164.9,68,210.4,86,229.4,104,7.8,4,2,False,612.5,262,0.007633587786259542
109,0,0,0,193.6,58,148.7,115,282.5,105,13.1,1,2,False,637.9,279,0.007168458781362007
80,0,0,0,101.1,121,263.2,110,137.7,74,7.3,5,0,False,509.29999999999995,310,0.0
54,0,1,24,92.3,88,193.1,98,99.3,119,11.6,3,2,False,396.3,308,0.006493506493506494
121,0,0,0,168.9,128,123.9,99,266.3,105,2.9,7,2,False,562.0,339,0.0058997050147492625
157,0,1,29,219.2,102,206.0,109,192.4,117,15.0,5,1,False,632.6,333,0.003003003003003003
170,0,1,37,178.1,130,242.8,103,243.0,93,13.0,4,0,False,676.9,330,0.0
138,0,0,0,146.5,101,284.5,142,176.0,98,14.0,6,3,False,621.0,347,0.008645533141210375
92,0,1,31,172.3,116,266.2,91,228.2,90,11.8,5,1,False,678.5,302,0.0033112582781456954
167,0,0,0,169.2,124,173.3,108,216.5,64,12.4,4,4,True,571.4,300,0.013333333333333334
91,0,0,0,123.8,107,319.0,125,237.6,78,7.3,4,2,False,687.6999999999999,314,0.006369426751592357
127,0,0,0,96.0,117,177.0,68,162.2,127,9.7,4,3,False,444.9,316,0.00949367088607595
88,0,1,27,93.4,106,252.0,92,189.0,104,10.9,1,1,False,545.3,303,0.0033003300330033004
123,0,0,0,257.9,92,211.6,71,189.3,104,9.4,2,2,False,668.1999999999999,269,0.007434944237918215
136,1,1,29,85.2,98,230.4,85,243.6,104,9.0,3,2,False,568.2,290,0.006896551724137931
68,0,1,34,160.0,72,184.5,119,208.3,101,6.1,10,1,False,558.9,302,0.0033112582781456954
132,0,1,10,182.9,54,292.4,68,142.3,116,11.5,4,0,False,629.0999999999999,242,0.0
133,0,0,0,216.2,67,222.2,133,192.0,95,3.1,1,2,False,633.5,296,0.006756756756756757
127,0,0,0,261.7,105,181.8,107,100.9,131,3.3,5,0,False,547.6999999999999,348,0.0
121,0,0,0,177.2,142,123.5,88,213.2,51,8.4,6,1,False,522.3,287,0.003484320557491289
116,0,0,0,89.5,128,180.8,137,193.1,94,14.0,3,2,False,477.4,362,0.0055248618784530384
97,1,0,0,145.0,103,294.3,93,239.8,120,11.0,2,4,True,690.1,318,0.012578616352201259
43,0,0,0,159.5,99,119.7,149,173.9,126,6.8,3,2,False,459.90000000000003,377,0.005305039787798408
110,0,0,0,151.8,106,138.0,126,233.5,112,11.2,8,3,False,534.5,352,0.008522727272727272
67,0,0,0,176.2,120,236.0,138,152.5,104,10.6,4,1,False,575.3000000000001,366,0.00273224043715847
166,0,0,0,152.1,95,121.0,105,198.0,126,9.8,5,0,False,480.90000000000003,331,0.0
129,0,0,0,161.3,122,220.6,95,224.7,104,9.6,3,1,False,616.1999999999999,324,0.0030864197530864196
103,1,0,0,171.7,78,144.5,86,157.9,106,6.8,3,3,False,480.90000000000003,273,0.01098901098901099
71,0,0,0,278.9,110,190.2,67,255.2,84,11.7,7,0,True,736.0,268,0.0
112,0,1,27,213.0,121,226.2,101,189.8,99,11.1,3,4,False,640.1,324,0.012345679012345678
8,0,1,36,242.9,67,170.9,59,177.3,130,4.8,12,1,False,595.9,268,0.0037313432835820895
98,0,0,0,217.2,121,303.4,73,197.1,71,12.4,2,0,True,730.0999999999999,267,0.0
90,0,0,0,175.9,111,285.2,115,150.8,122,13.0,7,1,False,624.9000000000001,355,0.0028169014084507044
13,0,0,0,303.2,133,170.5,86,227.6,80,11.5,3,0,True,712.8,302,0.0
58,0,0,0,238.9,107,187.2,88,181.1,84,11.8,3,2,False,619.0,282,0.0070921985815602835
137,0,1,22,189.6,42,179.0,137,179.6,126,11.4,5,2,False,559.6,310,0.0064516129032258064
116,0,0,0,133.3,94,247.8,126,219.0,78,11.3,5,5,True,611.4,303,0.0165016501650165
94,0,1,28,92.7,107,127.8,86,225.6,86,9.9,4,3,False,456.0,283,0.01060070671378092
87,0,0,0,177.2,72,248.9,105,200.8,87,8.6,7,3,False,635.5000000000001,271,0.01107011070110701
120,0,0,0,184.5,103,209.0,86,169.7,70,10.2,6,2,False,573.4000000000001,265,0.007547169811320755
97,0,1,24,176.1,109,159.4,81,269.1,94,12.1,9,0,False,616.7,293,0.0
134,0,0,0,204.7,108,143.1,105,165.8,84,11.0,4,6,False,524.5999999999999,301,0.019933554817275746
68,0,0,0,143.6,80,134.3,65,215.6,84,15.5,5,2,False,509.0,234,0.008547008547008548
93,0,0,0,179.3,93,188.8,65,253.2,88,12.1,5,1,False,633.4,251,0.00398406374501992
120,0,0,0,137.3,100,212.2,129,152.7,92,10.5,2,1,False,512.7,323,0.0030959752321981426
41,0,0,0,237.8,92,223.5,155,217.4,90,10.2,6,2,False,688.9000000000001,343,0.0058309037900874635
80,0,0,0,203.7,92,216.4,97,154.2,66,7.6,5,2,False,581.9,260,0.007692307692307693
83,0,1,25,191.3,95,250.7,136,249.4,86,17.6,5,2,False,709.0,322,0.006211180124223602
109,1,0,0,209.1,141,205.0,93,119.4,111,7.8,3,2,False,541.3,348,0.005747126436781609
66,0,1,33,88.8,104,109.6,94,172.7,107,7.1,9,3,False,378.2,314,0.009554140127388535
89,0,0,0,137.9,96,192.6,63,255.7,125,11.0,5,1,False,597.2,289,0.0034602076124567475
117,0,1,13,207.6,65,152.7,77,232.8,95,9.7,3,1,False,602.8,240,0.004166666666666667
128,0,0,0,268.1,95,120.5,126,220.8,121,14.4,6,2,False,623.8000000000001,348,0.005747126436781609
88,0,0,0,166.7,61,179.3,88,242.7,131,6.8,7,4,True,595.5,287,0.013937282229965157
22,0,0,0,181.8,108,198.6,148,206.6,96,9.3,3,2,False,596.3,355,0.005633802816901409
78,0,0,0,147.1,80,199.7,100,160.7,106,13.7,7,0,False,521.1999999999999,293,0.0
56,0,1,29,37.7,115,144.1,111,226.6,101,4.9,3,1,False,413.29999999999995,330,0.0030303030303030303
192,0,0,0,185.0,88,224.9,98,212.4,105,11.4,3,2,False,633.6999999999999,294,0.006802721088435374
70,0,0,0,156.4,108,171.0,116,196.1,96,8.6,4,2,False,532.1,324,0.006172839506172839
148,0,0,0,239.3,84,195.7,85,232.6,104,10.9,3,1,False,678.5,276,0.0036231884057971015
119,0,0,0,134.9,70,211.5,74,188.5,105,11.3,6,1,False,546.1999999999999,255,0.00392156862745098
80,0,0,0,194.8,116,209.9,93,194.1,100,12.8,3,0,False,611.6,312,0.0
113,0,0,0,92.6,85,177.6,92,159.8,72,14.4,4,3,False,444.4,253,0.011857707509881422
75,0,0,0,209.4,133,211.5,121,291.2,123,7.2,4,1,False,719.3,381,0.0026246719160104987
80,0,0,0,197.6,83,164.5,86,94.0,98,6.4,6,1,False,462.5,273,0.003663003663003663
148,0,0,0,17.6,121,161.7,125,203.1,82,10.6,6,1,False,393.0,334,0.0029940119760479044
97,0,1,28,202.3,97,69.2,84,257.6,64,6.7,3,1,False,535.8000000000001,248,0.004032258064516129
166,0,0,0,136.1,116,181.4,93,131.4,108,11.3,4,0,False,460.2,321,0.0
94,0,0,0,207.0,109,167.4,80,238.2,117,2.6,6,1,False,615.1999999999999,312,0.003205128205128205
85,0,1,33,207.9,95,233.5,88,221.3,92,13.5,3,1,False,676.2,278,0.0035971223021582736
80,1,0,0,276.5,122,195.6,79,210.3,78,7.2,3,1,True,689.6000000000001,282,0.0035460992907801418
210,0,1,31,313.8,87,147.7,103,192.7,97,10.1,7,3,False,664.3000000000001,294,0.01020408163265306
88,1,1,25,288.5,114,203.4,74,228.4,117,13.0,5,1,False,733.3,310,0.0032258064516129032
154,0,1,35,64.9,76,184.1,91,151.6,75,14.6,1,1,False,415.20000000000005,243,0.00411522633744856
32,0,1,26,243.5,137,236.8,108,173.3,149,9.0,9,1,False,662.6,403,0.0024813895781637717
18,0,0,0,197.0,97,203.7,107,202.0,105,8.7,3,3,False,611.4000000000001,312,0.009615384615384616
126,0,1,31,278.0,88,253.2,65,223.2,114,8.7,4,0,False,763.1000000000001,271,0.0
144,0,1,37,219.9,102,222.1,77,118.5,111,10.0,4,1,False,570.5,294,0.003401360544217687
86,0,1,16,145.7,88,191.0,129,215.5,82,11.3,7,0,False,563.5,306,0.0
138,0,1,37,75.8,102,173.6,147,162.6,96,8.2,13,0,False,420.2,358,0.0
146,0,0,0,195.9,86,228.6,82,303.5,94,12.2,4,3,False,740.2,266,0.011278195488721804
74,0,0,0,124.0,102,262.1,101,268.2,98,11.7,2,2,False,666.0,303,0.006600660066006601
48,0,0,0,171.9,98,159.0,127,139.5,101,7.6,3,2,False,478.0,329,0.0060790273556231
74,0,1,31,249.4,70,209.5,59,180.6,75,9.9,2,4,False,649.4,206,0.019417475728155338
105,1,0,0,228.4,100,145.1,108,245.3,140,7.7,7,0,False,626.5,355,0.0
157,0,0,0,168.6,71,205.1,48,175.8,88,5.9,2,3,False,555.4,209,0.014354066985645933
217,0,0,0,123.7,138,248.5,105,269.6,78,13.3,4,0,False,655.0999999999999,325,0.0
68,0,0,0,178.7,61,252.3,84,255.7,76,8.4,4,1,False,695.1,225,0.0044444444444444444
80,0,0,0,113.2,86,185.5,97,237.3,145,9.5,5,1,False,545.5,333,0.003003003003003003
38,0,1,25,142.4,106,313.7,109,126.6,117,13.4,6,2,False,596.1,338,0.005917159763313609
107,0,1,38,204.2,57,205.9,92,286.5,80,8.3,4,0,False,704.9,233,0.0
140,0,0,0,149.7,71,212.5,97,245.9,67,12.6,4,3,False,620.7,239,0.012552301255230125
98,0,0,0,227.1,116,120.5,103,117.0,102,4.7,4,5,True,469.3,325,0.015384615384615385
114,0,0,0,155.3,75,169.9,87,207.0,133,12.6,5,2,False,544.8000000000001,300,0.006666666666666667
46,0,0,0,156.4,105,185.5,98,226.7,96,11.8,3,1,False,580.3999999999999,302,0.0033112582781456954
118,0,1,42,148.7,105,167.3,105,270.6,105,10.4,7,0,False,597.0,322,0.0
37,0,0,0,271.7,112,155.1,96,199.5,97,6.6,4,3,False,632.9,309,0.009708737864077669
34,0,0,0,193.7,74,126.9,84,221.2,166,8.8,4,0,False,550.5999999999999,328,0.0
113,0,0,0,245.3,108,259.9,140,204.3,115,10.7,2,3,True,720.2,365,0.00821917808219178
69,0,0,0,196.1,87,236.8,66,182.3,75,11.9,1,0,False,627.1,229,0.0
59,1,1,31,225.0,78,191.3,79,226.7,79,9.1,3,1,False,652.1,239,0.0041841004184100415
59,0,0,0,189.7,100,115.9,133,220.6,115,7.4,4,0,False,533.6,352,0.0
190,0,0,0,142.9,96,177.9,96,113.3,117,6.6,4,0,False,440.70000000000005,313,0.0
109,0,0,0,175.6,80,238.0,94,198.4,103,10.2,6,1,False,622.2,283,0.0035335689045936395
136,0,0,0,92.4,109,219.0,115,212.6,80,12.9,4,2,False,536.9,308,0.006493506493506494
86,0,0,0,92.8,92,159.6,87,148.7,115,8.8,5,1,False,409.9,299,0.0033444816053511705
100,0,1,27,221.7,100,236.1,70,192.7,91,8.0,4,0,False,658.5,265,0.0
106,0,0,0,159.6,94,276.8,118,223.5,65,8.8,3,0,False,668.6999999999999,280,0.0
129,0,0,0,159.1,100,202.5,90,233.1,96,11.5,6,2,False,606.2,292,0.00684931506849315
205,0,0,0,49.9,123,150.7,81,188.2,67,10.1,4,2,False,398.9,275,0.007272727272727273
93,0,1,32,116.9,120,232.4,97,127.7,112,11.0,9,0,False,488.0,338,0.0
99,0,0,0,254.4,120,159.3,92,264.4,94,6.0,5,1,False,684.1,311,0.003215434083601286
71,0,0,0,207.0,112,173.8,96,178.4,61,12.1,3,1,False,571.3000000000001,272,0.003676470588235294
4,1,0,0,145.3,89,303.8,93,206.1,82,8.9,4,0,False,664.1,268,0.0
148,0,1,25,230.7,102,233.8,109,215.8,90,13.5,2,3,False,693.8,303,0.009900990099009901
141,0,0,0,151.5,104,242.2,114,304.2,109,10.8,2,1,False,708.6999999999999,329,0.00303951367781155
56,0,0,0,146.1,57,196.2,97,310.1,110,9.2,3,0,False,661.6,267,0.0
43,0,1,35,200.2,105,244.4,88,207.2,97,11.6,4,3,False,663.4,294,0.01020408163265306
42,0,0,0,150.7,52,246.7,96,103.8,118,7.0,4,2,False,508.2,270,0.007407407407407408
135,1,0,0,186.0,107,66.0,94,213.1,105,12.9,4,1,False,478.0,310,0.0032258064516129032
106,0,0,0,212.9,110,187.0,69,128.1,71,6.3,3,3,False,534.3,253,0.011857707509881422
106,0,0,0,194.8,133,213.4,73,190.8,92,11.5,7,0,False,610.5,305,0.0
83,0,1,30,272.5,105,253.0,83,180.8,123,8.7,6,3,False,715.0,317,0.00946372239747634
110,0,0,0,135.1,109,205.2,99,166.3,119,11.7,4,1,False,518.3,331,0.0030211480362537764
109,0,1,35,230.5,116,265.8,130,269.7,69,10.6,6,5,False,776.6,321,0.01557632398753894
124,0,0,0,143.3,120,230.7,111,214.3,91,7.8,2,4,True,596.0999999999999,324,0.012345679012345678
110,0,0,0,271.1,108,237.0,122,239.9,122,9.8,5,2,True,757.8,357,0.0056022408963585435
124,0,0,0,253.5,104,117.9,123,248.5,104,14.0,2,0,False,633.9,333,0.0
82,0,0,0,167.1,77,131.8,79,187.4,98,9.4,1,6,True,495.69999999999993,255,0.023529411764705882
137,0,0,0,104.7,115,249.8,144,192.3,99,8.9,2,1,False,555.6999999999999,360,0.002777777777777778
69,0,0,0,135.4,101,238.1,124,195.6,102,10.6,2,1,False,579.7,329,0.00303951367781155
16,0,0,0,144.8,84,164.9,141,231.5,75,8.2,4,2,False,549.4000000000001,304,0.006578947368421052
119,0,0,0,98.8,97,146.9,68,190.7,105,10.0,4,3,False,446.4,274,0.010948905109489052
124,1,0,0,157.8,71,203.2,114,168.7,82,10.0,2,3,True,539.7,269,0.011152416356877323
122,0,1,37,163.0,107,312.8,118,200.0,85,11.6,5,1,False,687.4,315,0.0031746031746031746
139,0,0,0,181.6,119,335.7,118,149.8,64,8.3,6,4,False,675.3999999999999,307,0.013029315960912053
67,0,0,0,129.0,78,188.0,116,235.0,102,11.2,3,2,False,563.2,299,0.006688963210702341
84,0,0,0,86.0,83,260.7,86,98.6,109,8.9,4,1,False,454.19999999999993,282,0.0035460992907801418
101,0,1,17,193.9,71,189.8,81,196.3,97,12.6,7,0,False,592.6,256,0.0
40,0,0,0,109.4,107,244.7,102,276.9,123,7.1,7,0,False,638.1,339,0.0
61,0,0,0,188.9,105,153.6,116,213.3,106,10.2,2,2,False,566.0,329,0.0060790273556231
120,1,0,0,179.9,72,170.0,98,190.6,89,13.8,2,1,True,554.3,261,0.0038314176245210726
95,0,0,0,183.4,98,281.3,95,105.2,113,8.2,8,1,False,578.1000000000001,314,0.0031847133757961785
98,0,0,0,288.1,101,137.9,93,206.5,88,0.0,0,0,False,632.5,282,0.0
114,0,0,0,169.2,96,149.9,83,196.9,119,4.6,4,2,False,520.6,302,0.006622516556291391
22,0,0,0,207.7,116,210.6,99,238.2,88,9.6,5,0,False,666.1,308,0.0
176,0,0,0,169.5,151,112.9,84,56.6,99,8.7,4,0,False,347.7,338,0.0
152,0,0,0,141.5,102,263.0,94,207.1,113,3.4,4,2,False,615.0,313,0.006389776357827476
118,0,0,0,154.8,71,244.0,73,159.6,81,12.8,4,0,False,571.1999999999999,229,0.0
101,1,0,0,133.5,51,219.6,96,210.0,74,11.7,4,1,False,574.8000000000001,225,0.0044444444444444444
118,0,0,0,224.6,94,225.9,120,269.0,105,12.5,8,2,False,732.0,327,0.0061162079510703364
105,0,0,0,273.8,97,289.7,106,269.1,126,5.8,3,2,True,838.4,332,0.006024096385542169
71,0,0,0,104.0,92,197.0,125,110.1,123,14.6,8,0,False,425.70000000000005,348,0.0
71,0,1,31,115.4,90,217.4,78,239.9,102,13.1,4,1,False,585.8000000000001,274,0.0036496350364963502
68,0,0,0,222.1,107,199.4,102,162.4,107,9.4,3,2,False,593.3,319,0.006269592476489028
66,0,0,0,116.4,98,95.6,74,181.5,94,10.5,3,3,False,404.0,269,0.011152416356877323
101,0,0,0,217.7,118,231.7,128,185.3,128,0.0,0,3,False,634.7,374,0.008021390374331552
116,0,0,0,129.4,84,157.3,89,215.5,77,13.3,3,0,False,515.5,253,0.0
54,0,1,33,161.8,73,273.0,58,153.9,76,13.7,4,0,False,602.4000000000001,211,0.0
112,0,1,29,198.8,122,238.6,114,289.5,69,11.5,5,1,False,738.4,310,0.0032258064516129032
122,0,1,45,147.8,85,147.4,93,203.5,110,14.0,5,1,False,512.7,293,0.0034129692832764505
74,0,0,0,262.3,114,198.9,96,165.9,90,6.6,5,3,False,633.7,305,0.009836065573770493
90,0,0,0,246.4,83,160.3,88,170.9,99,7.6,7,1,False,585.2,277,0.0036101083032490976
112,0,0,0,174.3,123,140.2,124,215.4,89,9.0,6,4,True,538.9,342,0.011695906432748537
85,0,0,0,183.4,111,168.8,98,199.7,97,9.9,4,4,False,561.8000000000001,310,0.012903225806451613
100,0,0,0,191.9,95,200.9,101,271.9,74,18.2,3,1,False,682.9000000000001,273,0.003663003663003663
114,0,0,0,187.8,109,154.6,97,213.9,102,10.1,3,2,False,566.4,311,0.006430868167202572
83,0,0,0,259.7,106,152.7,116,224.7,92,10.2,2,0,False,647.3,316,0.0
157,1,0,0,180.4,123,194.0,98,227.3,88,8.4,5,0,False,610.1,314,0.0
51,0,0,0,51.8,107,230.2,104,227.5,118,10.4,4,2,False,519.9,333,0.006006006006006006
42,0,0,0,303.9,106,232.2,54,147.1,76,5.8,3,1,True,688.9999999999999,239,0.0041841004184100415
101,0,1,36,123.7,125,172.6,106,280.5,127,8.8,4,1,True,585.5999999999999,362,0.0027624309392265192
112,0,0,0,206.2,122,164.5,94,140.3,101,12.6,7,3,False,523.6,324,0.009259259259259259
56,0,0,0,164.3,92,233.7,107,187.3,104,11.8,1,2,False,597.0999999999999,304,0.006578947368421052
53,0,0,0,228.6,117,132.8,123,227.2,124,10.1,2,9,True,598.6999999999999,366,0.02459016393442623
64,0,1,22,200.4,80,131.1,84,230.7,67,7.6,5,1,False,569.8000000000001,236,0.00423728813559322
123,0,0,0,154.3,107,183.0,111,54.0,134,10.9,8,0,False,402.2,360,0.0
68,0,1,30,122.9,93,233.5,91,199.5,144,9.6,2,2,False,565.5,330,0.006060606060606061
40,1,0,0,220.8,100,265.7,106,212.8,94,6.4,3,0,False,705.6999999999999,303,0.0
132,0,0,0,214.6,78,251.7,98,240.8,88,13.9,2,0,False,720.9999999999999,266,0.0
120,1,0,0,202.0,123,184.3,78,176.0,89,7.4,2,2,True,569.6999999999999,292,0.00684931506849315
108,0,1,32,209.5,108,109.6,64,189.7,145,9.1,6,6,True,517.9,323,0.018575851393188854
161,0,0,0,297.9,141,238.1,107,240.5,93,8.9,5,1,True,785.4,346,0.002890173410404624
130,0,0,0,212.8,102,189.8,137,170.1,105,10.6,4,0,True,583.3000000000001,348,0.0
130,0,1,19,152.9,87,213.2,99,205.3,114,10.8,6,2,False,582.2,306,0.006535947712418301
90,0,0,0,125.4,158,269.1,83,238.6,103,11.0,7,1,False,644.1,351,0.002849002849002849
139,0,1,25,138.3,96,80.6,79,163.7,83,8.3,8,0,False,390.90000000000003,266,0.0
57,0,0,0,189.3,157,174.9,70,221.9,117,11.2,5,3,False,597.3000000000001,349,0.008595988538681949
128,0,0,0,199.3,86,194.8,102,298.2,82,14.3,2,4,False,706.5999999999999,272,0.014705882352941176
107,0,0,0,294.9,71,192.8,78,148.1,87,13.2,5,1,True,649.0,241,0.004149377593360996
177,0,0,0,175.4,99,155.3,83,179.4,86,11.5,3,1,False,521.6,271,0.0036900369003690036
121,0,0,0,179.4,70,143.0,93,116.3,113,11.2,5,1,False,449.9,281,0.0035587188612099642
99,1,1,39,126.8,94,293.6,115,174.1,91,8.4,4,0,False,602.9,304,0.0
77,0,1,33,143.0,101,212.2,102,104.9,120,15.3,4,5,True,475.40000000000003,327,0.01529051987767584
21,0,0,0,91.9,109,198.4,111,171.7,125,13.0,7,2,False,475.0,352,0.005681818181818182
56,0,0,0,210.4,80,176.6,96,149.7,56,15.5,4,1,False,552.2,236,0.00423728813559322
92,0,1,29,201.3,130,203.7,115,129.9,113,6.4,6,1,True,541.3,364,0.0027472527472527475
81,0,0,0,145.6,59,287.9,131,181.7,121,9.2,4,2,False,624.4000000000001,315,0.006349206349206349
139,1,1,31,203.5,82,200.3,72,214.0,112,13.4,6,1,True,631.1999999999999,272,0.003676470588235294
68,0,0,0,232.4,76,153.3,103,214.6,107,10.5,2,1,False,610.8000000000001,288,0.003472222222222222
183,0,1,8,86.5,119,285.2,97,180.4,133,8.7,2,2,False,560.8000000000001,351,0.005698005698005698
165,0,0,0,156.0,88,276.1,81,175.9,94,9.3,5,1,False,617.3,268,0.0037313432835820895
89,0,0,0,326.3,112,165.1,110,162.9,97,7.5,1,1,True,661.8,320,0.003125
59,0,0,0,195.0,58,198.5,88,304.3,110,14.8,9,0,False,712.5999999999999,265,0.0
16,1,0,0,110.0,91,147.3,75,190.5,73,6.4,7,0,False,454.2,246,0.0
114,0,0,0,147.1,119,161.0,111,275.9,106,9.0,3,5,True,593.0,339,0.014749262536873156
113,0,0,0,156.0,141,256.8,72,175.3,123,11.9,5,2,False,600.0,341,0.005865102639296188
120,0,0,0,98.2,99,186.7,85,146.7,96,9.3,4,2,False,440.9,284,0.007042253521126761
115,0,0,0,210.6,120,153.1,84,262.2,79,11.0,5,0,False,636.9,288,0.0
100,1,0,0,159.9,94,179.9,95,154.4,102,11.6,2,2,True,505.80000000000007,293,0.006825938566552901
1,0,0,0,123.8,113,236.2,77,73.2,81,3.7,2,0,False,436.9,273,0.0
97,0,1,15,117.6,97,196.3,126,157.4,113,6.4,3,1,False,477.69999999999993,339,0.0029498525073746312
55,0,1,28,105.3,82,197.4,109,187.5,91,8.6,6,2,False,498.8,288,0.006944444444444444
75,0,0,0,111.7,121,237.3,119,253.5,110,13.1,6,1,False,615.6,356,0.0028089887640449437
83,0,0,0,159.3,104,202.3,98,229.0,73,9.5,3,2,False,600.1,278,0.007194244604316547
40,0,0,0,81.7,123,210.2,108,212.0,64,11.3,3,6,True,515.1999999999999,298,0.020134228187919462
101,0,1,21,238.0,88,209.6,84,233.0,95,10.0,5,2,False,690.6,272,0.007352941176470588
120,0,1,40,128.1,99,247.7,78,199.7,121,15.6,3,0,False,591.1,301,0.0
183,0,1,31,171.2,104,193.6,74,196.5,85,10.2,4,1,False,571.5,267,0.003745318352059925
75,0,0,0,109.0,88,259.3,120,182.1,119,13.3,3,4,True,563.6999999999999,330,0.012121212121212121
80,0,0,0,220.0,114,207.7,76,168.4,137,12.1,3,2,False,608.2,330,0.006060606060606061
88,0,0,0,55.6,65,242.7,121,176.3,134,11.3,4,0,False,485.90000000000003,324,0.0
112,0,1,23,286.6,79,315.3,102,193.9,101,10.3,6,1,False,806.1,288,0.003472222222222222
63,0,0,0,207.6,96,229.0,112,162.6,131,13.3,2,1,False,612.5,341,0.002932551319648094
105,0,1,31,109.6,108,249.3,119,321.2,101,8.3,4,4,True,688.3999999999999,332,0.012048192771084338
177,0,0,0,175.7,120,168.6,90,198.9,110,14.6,4,1,False,557.8,324,0.0030864197530864196
118,0,0,0,205.2,115,184.8,137,176.1,115,7.0,6,0,False,573.1,373,0.0
82,0,1,34,232.6,121,153.2,115,286.7,77,4.7,3,3,False,677.2,316,0.00949367088607595
74,0,0,0,102.7,89,149.3,100,188.1,114,11.0,5,0,False,451.1,308,0.0
125,0,0,0,169.3,90,156.0,138,210.8,106,11.6,6,2,False,547.7,340,0.0058823529411764705
138,0,0,0,251.0,119,91.2,96,142.2,87,13.8,3,3,False,498.2,305,0.009836065573770493
119,0,0,0,230.4,117,225.0,101,198.5,111,7.6,6,3,False,661.5,335,0.008955223880597015
137,0,0,0,109.8,120,230.5,86,255.8,103,11.9,6,1,False,608.0,315,0.0031746031746031746
182,0,0,0,279.5,118,203.2,113,174.2,101,10.7,4,2,True,667.6,336,0.005952380952380952
134,0,1,38,214.4,93,211.7,57,165.0,79,10.0,8,1,False,601.1,237,0.004219409282700422
45,0,0,0,96.1,103,246.8,134,229.7,92,9.7,4,1,False,582.3,333,0.003003003003003003
163,0,1,23,224.0,126,233.5,89,293.9,104,8.8,4,1,False,760.1999999999999,323,0.0030959752321981426
105,0,0,0,211.1,99,176.7,66,221.5,96,14.7,7,4,False,624.0,268,0.014925373134328358
119,0,0,0,109.2,96,153.1,80,240.0,102,9.8,5,2,False,512.1,283,0.007067137809187279
78,0,0,0,220.0,95,179.9,121,188.2,109,11.5,5,0,False,599.5999999999999,330,0.0
125,0,1,32,96.5,109,145.8,109,174.4,82,9.4,2,1,False,426.1,302,0.0033112582781456954
88,0,0,0,183.5,93,170.5,80,193.8,88,8.3,5,3,False,556.0999999999999,266,0.011278195488721804
83,0,1,38,107.9,90,140.4,94,253.6,79,10.5,2,0,False,512.4,265,0.0
3,1,0,0,161.0,96,244.9,82,180.8,103,7.7,6,1,False,594.4000000000001,287,0.003484320557491289
48,0,0,0,149.2,146,161.9,109,197.9,109,8.3,2,3,False,517.3,366,0.00819672131147541
129,0,0,0,137.8,120,225.8,110,145.2,95,10.2,6,1,True,519.0,331,0.0030211480362537764
66,0,1,40,141.7,87,268.3,89,241.3,68,8.5,7,0,False,659.8,251,0.0
80,0,1,22,196.4,115,150.3,109,176.2,75,9.3,1,0,False,532.2,300,0.0
84,0,0,0,146.8,133,171.7,73,234.5,69,9.9,3,1,False,562.9,278,0.0035971223021582736
96,0,0,0,173.9,111,287.4,105,204.8,91,9.1,7,1,False,675.1999999999999,314,0.0031847133757961785
123,0,1,34,305.2,80,156.5,109,280.0,81,13.2,7,1,False,754.9000000000001,277,0.0036101083032490976
116,1,1,29,162.3,91,279.3,79,192.7,131,11.7,2,3,True,646.0,303,0.009900990099009901
105,1,0,0,150.0,106,293.8,123,250.7,65,10.3,7,3,False,704.8,301,0.009966777408637873
80,0,0,0,197.5,114,206.9,119,163.6,109,11.3,4,1,False,579.3,346,0.002890173410404624
157,0,0,0,240.2,67,153.0,98,249.0,72,10.2,6,2,False,652.4000000000001,243,0.00823045267489712
67,0,1,30,186.2,117,286.7,76,164.3,113,12.9,3,2,False,650.1,309,0.006472491909385114
79,0,1,17,236.7,95,263.5,56,259.6,107,12.0,4,1,False,771.8,262,0.003816793893129771
76,0,0,0,173.2,93,131.2,80,170.9,104,5.4,3,0,False,480.69999999999993,280,0.0
94,0,0,0,181.3,135,182.4,108,180.6,103,6.7,2,0,False,551.0000000000001,348,0.0
109,0,0,0,175.4,125,250.7,87,289.3,74,9.8,9,1,False,725.2,295,0.003389830508474576
138,0,0,0,87.6,112,266.9,107,214.6,104,9.8,10,2,False,578.9,333,0.006006006006006006
73,0,0,0,203.3,45,141.9,87,200.7,71,8.5,6,0,False,554.4000000000001,209,0.0
21,0,0,0,92.6,95,161.9,70,285.0,78,11.3,3,5,True,550.8,246,0.02032520325203252
103,0,0,0,160.8,91,155.8,82,254.3,103,8.5,3,1,False,579.4000000000001,279,0.0035842293906810036
79,0,1,32,50.6,62,201.4,87,146.8,121,4.2,4,2,False,403.0,274,0.0072992700729927005
89,0,0,0,134.9,59,156.0,152,197.5,112,10.2,5,1,False,498.59999999999997,328,0.003048780487804878
120,0,0,0,252.1,110,226.1,103,155.6,83,13.8,3,1,False,647.5999999999999,299,0.0033444816053511705
121,0,1,41,215.5,95,241.8,92,147.0,108,9.6,3,1,False,613.9,298,0.003355704697986577
101,0,0,0,124.8,66,257.2,85,193.2,115,13.4,4,0,False,588.6,270,0.0
115,0,0,0,178.7,114,271.0,96,245.9,94,16.4,5,2,False,712.0,309,0.006472491909385114
168,0,0,0,183.2,131,179.2,73,292.8,100,9.9,5,2,False,665.1,309,0.006472491909385114
70,0,0,0,147.1,105,200.0,135,234.9,65,12.5,9,3,False,594.5,314,0.009554140127388535
138,0,0,0,230.1,107,212.0,120,174.9,119,13.2,4,1,False,630.2,350,0.002857142857142857
43,0,0,0,135.8,125,163.2,88,229.8,106,12.6,3,0,False,541.4,322,0.0
117,0,1,20,205.7,98,136.1,107,159.4,147,8.7,3,2,False,509.8999999999999,355,0.005633802816901409
108,0,0,0,73.8,105,143.4,114,170.2,98,10.9,3,2,False,398.29999999999995,320,0.00625
118,0,0,0,189.3,119,233.5,112,270.9,104,10.0,1,2,False,703.7,336,0.005952380952380952
62,0,1,42,137.3,95,184.2,94,231.4,70,10.2,3,0,False,563.1,262,0.0
86,0,0,0,70.7,125,211.0,113,174.6,107,0.0,0,2,False,456.29999999999995,345,0.005797101449275362
44,0,0,0,204.6,117,205.2,94,164.6,84,10.7,5,0,False,585.1,300,0.0
111,0,0,0,123.1,88,213.9,84,184.9,88,12.0,2,5,True,533.9,262,0.019083969465648856
127,0,1,19,129.7,115,160.8,101,265.0,63,12.2,3,2,False,567.7,282,0.0070921985815602835
151,1,0,0,198.7,70,209.5,106,281.9,126,12.4,4,0,False,702.4999999999999,306,0.0
137,0,0,0,215.9,76,145.4,118,186.9,129,12.1,4,1,False,560.3000000000001,327,0.0030581039755351682
106,0,0,0,119.2,142,228.4,139,197.9,61,8.4,9,2,False,553.9,351,0.005698005698005698
88,0,0,0,144.3,116,156.4,74,214.7,90,7.8,10,3,False,523.2,290,0.010344827586206896
106,0,0,0,235.2,121,220.6,87,236.3,91,11.8,4,1,False,703.8999999999999,303,0.0033003300330033004
57,1,0,0,115.0,65,122.3,96,245.0,75,6.4,1,0,True,488.7,237,0.0
184,0,0,0,151.7,93,178.5,77,229.1,111,13.1,8,2,False,572.4,289,0.006920415224913495
109,0,0,0,153.1,102,234.1,77,329.2,74,9.9,9,3,False,726.3,262,0.011450381679389313
127,0,0,0,218.6,93,149.9,130,204.6,131,9.2,5,2,False,582.3000000000001,359,0.005571030640668524
174,0,0,0,190.3,98,252.7,70,220.6,97,7.2,9,2,False,670.8000000000001,274,0.0072992700729927005
92,0,0,0,184.7,60,262.0,73,239.5,120,12.3,6,2,True,698.5,259,0.007722007722007722
81,0,0,0,115.3,99,224.7,117,152.5,98,18.0,2,1,False,510.5,316,0.0031645569620253164
119,0,0,0,294.2,100,232.5,53,195.0,64,9.0,1,0,True,730.7,218,0.0
122,0,0,0,215.6,86,167.8,59,207.0,67,6.4,8,3,False,596.8,220,0.013636363636363636
34,0,0,0,128.8,80,208.7,93,202.1,103,14.0,7,1,False,553.6,283,0.0035335689045936395
90,0,1,24,71.2,82,181.6,103,186.9,111,12.9,1,1,False,452.6,297,0.003367003367003367
73,0,0,0,94.9,121,253.2,83,175.1,86,14.2,2,2,False,537.4000000000001,292,0.00684931506849315
19,0,0,0,259.4,116,269.7,109,175.3,130,9.5,3,1,True,713.8999999999999,358,0.002793296089385475
120,0,1,28,215.8,123,285.2,76,192.1,78,6.9,3,1,False,700.0,280,0.0035714285714285713
160,0,0,0,97.5,113,268.1,69,255.3,62,13.2,4,3,False,634.1000000000001,248,0.012096774193548387
141,0,0,0,146.5,121,169.9,125,238.8,112,8.2,5,0,False,563.4000000000001,363,0.0
72,0,0,0,139.9,117,223.6,96,240.8,93,12.7,4,2,False,617.0,310,0.0064516129032258064
117,0,1,21,153.2,112,263.3,110,135.0,85,11.9,7,1,False,563.4,314,0.0031847133757961785
79,1,0,0,103.5,134,319.3,111,239.9,124,8.4,4,2,False,671.1,373,0.005361930294906166
87,0,0,0,185.8,119,192.3,83,200.0,96,6.6,4,1,False,584.7,302,0.0033112582781456954
102,0,0,0,129.5,56,354.2,118,145.5,93,10.9,3,1,False,640.1,270,0.003703703703703704
49,0,0,0,236.6,91,220.9,146,146.8,114,8.9,2,1,False,613.1999999999999,353,0.0028328611898017
67,0,0,0,260.4,107,208.2,104,207.9,115,10.0,2,6,False,686.5,328,0.018292682926829267
107,0,0,0,167.3,100,163.9,79,185.9,100,6.7,5,2,False,523.8000000000001,284,0.007042253521126761
118,0,0,0,113.0,80,150.1,87,204.3,115,10.8,4,2,False,478.20000000000005,286,0.006993006993006993
120,0,0,0,185.7,133,235.1,149,256.4,78,16.9,6,0,False,694.0999999999999,366,0.0
94,0,0,0,136.2,114,165.1,118,137.9,71,9.6,5,0,False,448.79999999999995,308,0.0
115,0,1,29,222.6,81,190.3,109,201.2,87,11.5,2,1,False,625.5999999999999,279,0.0035842293906810036
61,0,0,0,197.3,67,264.5,106,210.5,116,9.0,6,1,False,681.3,295,0.003389830508474576
110,0,0,0,208.0,69,95.1,94,178.5,129,8.0,11,1,False,489.6,303,0.0033003300330033004
104,0,0,0,118.5,92,177.8,109,255.7,98,12.1,4,1,False,564.1,303,0.0033003300330033004
16,0,0,0,153.2,65,229.7,90,148.2,94,10.7,8,1,False,541.8,257,0.0038910505836575876
147,0,0,0,168.6,92,187.7,107,216.5,95,14.4,8,2,False,587.1999999999999,302,0.006622516556291391
102,1,0,0,224.2,81,243.3,90,147.8,66,12.0,8,3,False,627.3,245,0.012244897959183673
64,0,1,43,118.4,100,144.1,108,158.1,91,8.5,6,1,False,429.1,305,0.003278688524590164
103,0,0,0,190.9,62,226.6,53,230.1,96,7.8,3,2,False,655.4,214,0.009345794392523364
152,0,0,0,317.8,60,152.9,100,123.4,63,10.4,7,1,True,604.5,230,0.004347826086956522
124,0,0,0,312.0,112,180.0,109,168.6,94,12.8,4,1,True,673.4,319,0.003134796238244514
97,0,0,0,146.0,121,203.0,141,151.8,120,13.3,2,1,False,514.1,384,0.0026041666666666665
131,0,0,0,131.6,95,179.3,109,251.2,129,15.5,3,1,True,577.5999999999999,336,0.002976190476190476
57,0,1,33,193.4,105,231.6,79,226.2,90,11.1,11,2,False,662.3000000000001,285,0.007017543859649123
157,0,0,0,185.1,92,213.0,85,196.1,85,8.5,5,2,False,602.7,267,0.00749063670411985
194,0,0,0,193.3,106,169.0,150,225.2,122,11.8,4,0,False,599.3,382,0.0
66,0,0,0,146.4,107,196.5,99,230.1,106,7.8,2,1,False,580.8,314,0.0031847133757961785
123,0,0,0,123.2,104,190.0,117,170.3,95,12.9,5,4,True,496.4,321,0.012461059190031152
116,0,0,0,205.0,90,140.9,114,272.6,96,7.5,4,2,False,626.0,304,0.006578947368421052
63,0,0,0,128.7,78,240.8,133,237.7,121,12.8,6,1,False,620.0,338,0.0029585798816568047
64,0,0,0,216.9,78,211.0,115,179.8,116,11.4,5,3,False,619.1,314,0.009554140127388535
96,0,0,0,150.0,122,218.5,116,212.4,89,9.8,1,3,False,590.6999999999999,328,0.009146341463414634
105,0,0,0,212.0,113,226.6,128,193.6,114,8.9,7,3,False,641.1,362,0.008287292817679558
53,0,1,37,167.3,99,194.7,99,236.7,112,12.0,9,2,False,610.7,319,0.006269592476489028
129,0,1,30,177.3,95,211.8,102,240.2,108,9.3,7,3,False,638.5999999999999,312,0.009615384615384616
93,0,0,0,149.6,120,200.7,85,181.2,107,14.3,9,0,False,545.8,321,0.0
115,1,0,0,345.3,81,203.4,106,217.5,107,11.8,8,1,True,778.0,302,0.0033112582781456954
25,0,0,0,264.9,80,281.2,66,166.1,80,8.4,4,1,True,720.5999999999999,230,0.004347826086956522
73,0,0,0,122.0,92,138.3,114,224.2,128,5.8,5,1,False,490.3,339,0.0029498525073746312
97,0,0,0,225.1,90,279.5,127,233.8,103,8.8,4,0,True,747.2,324,0.0
148,0,0,0,208.4,120,174.4,99,310.7,105,11.2,4,1,False,704.7,328,0.003048780487804878
85,0,1,30,173.1,107,247.2,101,158.7,104,11.5,5,1,False,590.5,317,0.0031545741324921135
86,1,0,0,162.4,131,167.0,102,128.9,118,11.4,2,2,True,469.69999999999993,353,0.0056657223796034
78,0,1,13,281.2,93,178.2,101,244.2,129,6.4,5,2,False,709.9999999999999,328,0.006097560975609756
106,0,0,0,208.3,89,169.4,67,102.0,90,15.9,4,3,False,495.6,250,0.012
145,0,0,0,224.2,89,314.9,121,182.9,121,16.1,3,1,True,738.0999999999999,334,0.0029940119760479044
91,0,0,0,189.3,100,239.3,107,89.7,89,9.9,3,3,False,528.2,299,0.010033444816053512
116,0,1,24,232.9,90,152.1,94,344.3,82,10.7,6,1,False,740.0,272,0.003676470588235294
69,0,1,37,155.0,98,142.4,105,143.7,117,5.9,4,1,False,446.99999999999994,324,0.0030864197530864196
135,0,0,0,154.4,130,203.8,90,158.7,59,11.8,3,0,False,528.7,282,0.0
73,0,0,0,234.7,102,195.7,110,253.4,71,8.4,8,2,False,692.1999999999999,291,0.006872852233676976
48,0,0,0,240.0,88,141.0,117,128.9,137,7.1,9,1,False,517.0,351,0.002849002849002849
125,1,0,0,298.4,78,270.5,142,107.3,84,12.2,2,0,True,688.4,306,0.0
100,0,0,0,166.0,102,236.1,97,134.3,93,10.9,4,1,False,547.3000000000001,296,0.0033783783783783786
64,0,0,0,174.5,98,180.2,103,179.0,89,10.7,2,2,False,544.4000000000001,292,0.00684931506849315
116,1,1,27,175.5,137,210.6,60,294.8,121,6.9,5,1,False,687.8000000000001,323,0.0030959752321981426
147,1,1,35,157.5,109,189.6,67,227.0,76,11.1,2,3,True,585.2,254,0.011811023622047244
84,0,1,35,207.5,138,201.0,116,164.5,107,7.5,16,4,False,580.5,377,0.010610079575596816
86,0,1,16,144.8,105,206.2,111,255.4,117,11.6,2,4,False,618.0,335,0.011940298507462687
134,0,0,0,258.8,85,129.5,114,193.6,106,10.9,7,2,False,592.8,312,0.00641025641025641
105,0,0,0,226.9,106,182.2,77,203.9,107,11.6,2,0,True,624.6,292,0.0
88,0,0,0,152.9,119,171.2,107,257.0,106,12.0,5,2,False,593.1,337,0.005934718100890208
86,0,0,0,150.8,85,295.9,88,247.2,104,12.5,1,1,False,706.4,278,0.0035971223021582736
141,0,1,32,322.4,92,283.2,107,209.5,111,6.7,3,1,True,821.8,313,0.003194888178913738
148,0,0,0,153.6,148,262.1,87,225.5,99,9.8,3,2,False,651.0,337,0.005934718100890208
163,0,1,22,215.1,91,138.9,102,146.2,109,12.4,2,2,False,512.6,304,0.006578947368421052
89,0,1,35,174.4,108,196.7,100,127.4,74,11.8,3,1,False,510.3,285,0.0035087719298245615
63,0,0,0,180.5,126,230.0,98,232.5,73,10.6,3,0,False,653.6,300,0.0
102,0,0,0,123.1,106,182.0,102,244.6,75,12.6,7,2,False,562.3000000000001,290,0.006896551724137931
104,0,0,0,200.2,92,118.7,87,236.6,65,6.0,6,2,False,561.5,250,0.008
63,0,1,33,184.2,111,312.6,89,264.0,55,12.2,4,1,False,773.0,259,0.003861003861003861
105,0,1,24,274.7,99,193.5,118,299.6,109,10.8,3,3,False,778.5999999999999,329,0.00911854103343465
68,1,1,39,142.0,140,241.6,89,302.0,72,11.3,5,1,False,696.9,306,0.0032679738562091504
63,1,1,21,151.5,99,147.8,89,210.4,114,10.0,4,1,False,519.7,306,0.0032679738562091504
91,1,0,0,246.4,110,182.0,98,157.6,106,12.1,2,2,True,598.1,316,0.006329113924050633
101,0,0,0,232.7,114,186.4,123,153.3,122,11.5,6,5,False,583.9000000000001,365,0.0136986301369863
116,0,0,0,288.0,120,255.8,90,233.4,99,13.4,4,0,True,790.5999999999999,313,0.0
131,0,1,23,170.8,145,236.7,93,294.5,100,12.7,1,1,False,714.7,339,0.0029498525073746312
84,0,0,0,216.1,114,197.5,107,217.8,104,9.8,3,1,False,641.2,328,0.003048780487804878
104,0,0,0,138.7,100,215.4,58,164.3,98,4.9,4,2,False,523.3000000000001,260,0.007692307692307693
108,0,0,0,210.7,112,238.7,73,253.6,90,9.2,5,3,False,712.2,280,0.010714285714285714
111,0,0,0,181.8,117,158.1,91,266.2,123,9.7,9,0,False,615.8,340,0.0
155,0,1,30,61.6,103,255.1,110,225.9,96,12.4,5,1,False,555.0,314,0.0031847133757961785
66,0,0,0,207.7,85,196.7,112,261.7,83,6.8,3,1,False,672.8999999999999,283,0.0035335689045936395
64,0,0,0,219.2,73,167.0,65,161.4,119,10.0,5,1,False,557.6,262,0.003816793893129771
69,0,0,0,227.0,122,258.7,111,169.7,87,8.9,1,2,False,664.3,321,0.006230529595015576
101,0,0,0,257.3,84,184.8,115,108.9,109,13.5,7,0,False,564.5,315,0.0
15,0,0,0,121.1,130,216.0,86,235.1,33,16.1,5,2,False,588.3000000000001,254,0.007874015748031496
88,0,0,0,301.5,136,257.7,72,132.9,118,13.4,2,4,True,705.5,328,0.012195121951219513
197,0,0,0,233.9,96,218.9,111,182.9,109,9.5,3,0,False,645.2,319,0.0
50,1,0,0,99.6,108,308.7,102,161.2,62,13.7,6,2,True,583.2,278,0.007194244604316547
172,0,0,0,169.8,123,183.1,94,395.0,72,12.7,7,2,False,760.6,296,0.006756756756756757
188,1,1,26,198.8,115,166.6,67,198.5,118,14.4,3,1,True,578.3,303,0.0033003300330033004
85,1,0,0,116.2,86,229.7,127,204.2,109,10.1,3,3,False,560.1999999999999,325,0.009230769230769232
103,1,0,0,255.9,128,140.9,92,308.9,130,12.1,2,1,True,717.8000000000001,352,0.002840909090909091
136,0,1,27,187.7,84,221.0,147,145.7,110,10.0,4,3,False,564.4,345,0.008695652173913044
155,0,1,21,195.9,91,213.9,84,88.2,111,8.6,4,0,False,506.6,290,0.0
145,0,0,0,129.4,97,185.4,101,204.7,106,1.1,2,2,False,520.6,306,0.006535947712418301
116,0,1,12,221.0,108,151.0,118,179.0,80,9.0,6,2,False,560.0,312,0.00641025641025641
152,0,0,0,140.5,92,186.8,96,227.0,89,9.5,5,2,False,563.8,282,0.0070921985815602835
65,1,0,0,277.9,123,155.8,112,256.9,71,9.2,10,0,True,699.8,316,0.0
180,0,0,0,224.9,105,250.0,101,216.1,73,6.7,5,3,True,697.7,284,0.01056338028169014
67,0,0,0,109.1,117,217.4,124,188.4,141,12.8,6,0,False,527.6999999999999,388,0.0
60,0,0,0,207.8,109,123.5,112,291.6,115,5.7,9,0,False,628.6000000000001,345,0.0
44,0,0,0,308.6,139,150.8,94,198.7,66,7.3,3,4,True,665.4,302,0.013245033112582781
25,0,0,0,242.6,69,209.0,117,219.7,82,14.4,6,2,False,685.6999999999999,274,0.0072992700729927005
145,0,0,0,229.6,82,138.1,103,250.8,109,3.3,3,1,False,621.8,297,0.003367003367003367
122,0,1,28,166.0,62,233.9,88,170.1,84,7.7,3,2,False,577.7,237,0.008438818565400843
121,0,0,0,144.8,126,200.6,82,208.8,81,13.3,9,0,True,567.5,298,0.0
55,1,0,0,106.1,77,123.5,100,96.4,92,12.9,3,0,False,338.9,272,0.0
77,0,0,0,221.8,84,166.0,125,210.2,72,13.2,4,1,False,611.2,285,0.0035087719298245615
12,0,0,0,204.6,98,212.5,90,182.1,95,9.8,7,2,False,609.0,290,0.006896551724137931
64,0,0,0,213.5,93,166.6,114,122.0,78,14.1,3,3,False,516.2,288,0.010416666666666666
92,0,1,44,152.0,95,274.9,73,162.4,121,10.0,1,2,False,599.3,290,0.006896551724137931
125,1,1,29,260.8,81,163.7,112,271.7,117,17.0,6,1,True,713.2,316,0.0031645569620253164
160,0,0,0,166.4,117,317.0,129,160.4,121,10.0,2,1,False,653.8,369,0.0027100271002710027
79,0,0,0,177.9,83,167.3,84,223.7,142,15.2,8,0,False,584.1000000000001,317,0.0
36,0,0,0,235.1,97,196.8,104,259.7,110,7.0,7,3,False,698.5999999999999,318,0.009433962264150943
138,1,0,0,268.4,81,174.4,115,193.5,96,11.6,4,1,False,647.9,296,0.0033783783783783786
72,0,0,0,179.9,113,149.8,112,168.2,79,9.8,7,2,False,507.70000000000005,311,0.006430868167202572
74,0,0,0,314.1,86,222.4,99,259.0,121,12.3,5,3,True,807.8,311,0.00964630225080386
134,0,1,41,162.0,82,324.7,77,160.1,112,11.9,5,0,False,658.6999999999999,276,0.0
145,0,0,0,175.8,89,274.3,119,226.6,69,12.4,4,1,False,689.1,281,0.0035587188612099642
136,0,0,0,109.4,91,207.5,111,135.0,107,11.6,5,0,False,463.5,314,0.0
66,1,0,0,208.7,84,173.3,88,264.7,107,8.3,3,3,False,655.0,282,0.010638297872340425
152,0,1,20,214.6,108,96.6,82,170.7,145,7.9,5,1,False,489.79999999999995,340,0.0029411764705882353
162,0,0,0,49.2,121,143.9,136,203.0,97,12.1,13,1,False,408.20000000000005,367,0.0027247956403269754
72,0,0,0,141.3,133,134.9,96,227.5,97,11.2,3,2,False,514.9000000000001,329,0.0060790273556231
101,0,0,0,253.2,89,237.9,114,154.3,85,9.7,7,4,False,655.1000000000001,295,0.013559322033898305
125,0,0,0,206.0,128,198.1,71,135.9,116,13.2,3,0,False,553.2,318,0.0
46,0,0,0,40.4,105,172.4,83,145.1,89,9.0,2,2,False,366.9,279,0.007168458781362007
132,0,0,0,291.2,104,234.2,132,191.7,87,8.9,3,1,True,725.9999999999999,326,0.003067484662576687
193,0,1,31,71.2,58,124.7,105,155.5,108,11.7,3,0,False,363.09999999999997,274,0.0
63,0,0,0,261.8,69,245.0,135,202.1,94,14.7,4,0,True,723.6,302,0.0
124,0,0,0,191.3,134,261.5,113,182.3,111,10.0,3,1,False,645.1,361,0.002770083102493075
144,0,0,0,133.3,101,255.5,127,228.6,68,11.6,2,0,False,629.0,298,0.0
97,0,1,28,283.1,93,185.4,98,312.8,78,6.1,8,1,False,787.4,277,0.0036101083032490976
137,0,1,50,186.5,94,178.0,106,215.6,100,12.1,4,2,False,592.2,304,0.006578947368421052
142,0,1,38,163.3,104,136.0,114,249.1,127,4.3,6,0,False,552.6999999999999,351,0.0
119,0,1,19,178.1,110,212.8,100,226.3,123,10.0,6,1,False,627.2,339,0.0029498525073746312
158,0,0,0,195.9,103,89.1,95,302.2,82,10.3,3,1,False,597.5,283,0.0035335689045936395
50,0,0,0,295.3,127,127.4,100,166.8,105,9.6,6,1,False,599.1,338,0.0029585798816568047
98,0,0,0,136.1,82,156.3,118,158.8,83,10.1,5,2,False,461.3,288,0.006944444444444444
101,0,1,24,114.1,95,161.5,86,176.3,90,13.0,9,2,False,464.90000000000003,280,0.007142857142857143
51,0,0,0,169.3,111,139.5,69,197.0,87,12.0,3,0,False,517.8,270,0.0
117,0,0,0,214.4,94,138.0,149,148.7,102,9.9,1,2,False,510.99999999999994,346,0.005780346820809248
92,1,0,0,255.8,125,142.7,111,181.2,101,11.7,3,0,False,591.4000000000001,340,0.0
86,0,0,0,148.2,71,285.1,91,166.4,155,6.2,3,2,False,605.9000000000001,320,0.00625
122,0,0,0,119.3,93,223.9,103,211.9,122,8.7,4,2,False,563.8000000000001,322,0.006211180124223602
156,0,1,27,192.3,137,199.9,115,244.2,112,14.8,8,1,False,651.2,372,0.002688172043010753
127,0,0,0,245.2,91,217.2,92,243.1,128,13.9,6,0,True,719.4,317,0.0
130,1,0,0,216.2,106,363.7,86,126.7,123,16.9,2,5,True,723.5,317,0.015772870662460567
158,0,0,0,172.4,114,256.6,69,235.3,104,0.0,0,2,False,664.3,287,0.006968641114982578
145,1,1,30,175.3,107,153.3,116,233.6,85,11.1,3,1,False,573.3000000000001,311,0.003215434083601286
90,1,1,26,169.0,104,188.8,104,213.3,76,13.3,3,0,True,584.4,287,0.0
127,0,1,27,2.6,113,254.0,102,242.7,156,9.2,5,3,False,508.5,376,0.007978723404255319
109,0,0,0,184.1,143,211.7,105,243.0,116,9.9,2,1,False,648.6999999999999,366,0.00273224043715847
88,0,0,0,181.9,90,151.5,87,143.0,100,7.5,3,1,False,483.9,280,0.0035714285714285713
101,0,1,9,160.1,116,210.0,121,139.1,65,10.8,9,0,False,520.0,311,0.0
21,0,0,0,223.2,142,216.5,114,214.7,111,12.4,2,1,False,666.8,369,0.0027100271002710027
145,0,1,31,216.0,94,225.1,123,234.7,109,10.7,1,2,False,686.5,327,0.0061162079510703364
33,0,0,0,159.5,115,195.4,118,102.4,86,7.1,7,1,False,464.4,326,0.003067484662576687
61,0,1,40,105.0,78,180.6,100,174.1,115,10.2,2,2,True,469.90000000000003,295,0.006779661016949152
107,0,0,0,204.5,108,162.4,110,155.0,102,13.4,1,3,False,535.3,321,0.009345794392523364
147,0,0,0,274.0,92,231.8,82,283.6,83,6.2,1,0,True,795.6000000000001,258,0.0
95,0,0,0,229.9,116,202.4,110,171.4,105,14.2,6,1,False,617.9000000000001,337,0.002967359050445104
128,0,0,0,179.4,94,270.4,92,191.0,88,7.9,4,0,False,648.6999999999999,278,0.0
134,0,0,0,7.8,86,171.4,100,186.5,80,12.9,2,2,False,378.6,268,0.007462686567164179
96,0,1,23,183.1,88,147.4,89,350.2,108,11.3,7,1,False,692.0,292,0.003424657534246575
107,0,0,0,206.9,79,262.4,117,149.3,69,10.7,3,0,False,629.3,268,0.0
123,0,0,0,140.0,106,153.7,101,50.1,87,12.5,1,2,False,356.3,295,0.006779661016949152
35,0,0,0,179.2,59,283.3,101,285.4,83,5.8,7,2,False,753.6999999999999,250,0.008
137,1,0,0,237.3,103,176.7,84,263.4,81,14.2,4,0,True,691.6,272,0.0
88,0,0,0,181.5,116,187.0,119,220.3,96,10.5,7,1,False,599.3,338,0.0029585798816568047
116,0,1,19,155.7,104,185.4,118,192.7,116,8.2,2,3,False,542.0,340,0.008823529411764706
123,0,1,23,245.0,88,265.0,105,239.7,108,14.9,3,2,False,764.6,304,0.006578947368421052
146,1,0,0,111.1,126,313.4,95,215.7,82,10.5,6,1,False,650.7,309,0.003236245954692557
106,0,1,9,88.5,100,324.8,109,79.9,86,8.2,4,3,False,501.40000000000003,299,0.010033444816053512
121,0,1,44,116.0,85,150.1,120,246.8,98,12.0,2,1,False,524.9000000000001,305,0.003278688524590164
137,0,0,0,155.5,81,133.1,94,253.1,77,9.1,2,1,False,550.8000000000001,254,0.003937007874015748
67,0,1,31,175.2,68,199.2,73,219.8,99,13.2,6,1,False,607.4000000000001,246,0.0040650406504065045
161,0,0,0,154.7,84,177.8,125,172.9,90,5.9,2,4,True,511.29999999999995,301,0.013289036544850499
62,1,1,32,218.4,93,236.7,132,192.2,137,13.2,3,0,True,660.5,365,0.0
120,0,1,24,227.5,81,234.9,71,166.4,128,9.0,13,1,False,637.8,293,0.0034129692832764505
130,0,1,30,185.0,117,249.5,141,157.8,103,7.4,7,0,False,599.6999999999999,368,0.0
20,0,0,0,186.8,89,253.4,51,273.1,105,12.3,6,2,False,725.6,251,0.00796812749003984
112,0,0,0,208.7,150,212.8,104,178.1,98,8.5,4,0,False,608.1,356,0.0
77,0,0,0,185.9,95,212.0,98,282.3,81,11.3,4,3,False,691.5,278,0.01079136690647482
109,0,0,0,222.5,74,169.7,75,264.3,94,9.0,3,2,False,665.5,246,0.008130081300813009
108,0,0,0,201.1,101,170.7,86,237.4,113,11.6,3,3,False,620.8,303,0.009900990099009901
79,0,1,17,167.9,114,243.7,93,211.9,114,9.1,2,1,False,632.6,323,0.0030959752321981426
38,0,0,0,175.7,109,211.8,97,137.9,109,9.2,3,5,True,534.6,318,0.015723270440251572
109,0,1,29,111.2,90,263.5,98,224.7,128,9.0,6,6,True,608.4,322,0.018633540372670808
78,0,0,0,87.7,74,214.8,58,201.3,147,10.8,6,1,False,514.6,285,0.0035087719298245615
134,0,0,0,244.1,99,246.9,111,200.0,133,7.2,2,0,False,698.2,345,0.0
47,0,1,27,165.0,89,127.3,118,284.4,95,7.7,4,2,False,584.4000000000001,306,0.006535947712418301
59,0,1,27,127.4,110,103.3,99,164.2,73,9.1,3,0,False,404.0,285,0.0
151,0,0,0,194.8,106,292.7,103,224.6,82,5.5,3,0,False,717.6,294,0.0
129,0,0,0,54.7,131,256.1,105,176.6,135,11.1,4,1,False,498.5,375,0.0026666666666666666
107,0,1,27,283.4,104,224.1,152,241.3,63,14.4,7,2,False,763.1999999999999,326,0.006134969325153374
137,1,0,0,258.0,112,246.5,117,173.2,100,10.9,3,0,True,688.6,332,0.0
76,0,0,0,90.5,142,211.7,75,194.9,76,9.3,2,1,False,506.40000000000003,295,0.003389830508474576
24,0,0,0,235.6,132,115.9,129,185.4,136,16.2,2,0,False,553.1,399,0.0
169,0,0,0,142.5,82,231.4,110,131.2,67,10.0,4,2,False,515.0999999999999,263,0.0076045627376425855
30,0,0,0,54.0,68,179.3,96,247.2,101,10.2,8,1,False,490.7,273,0.003663003663003663
70,0,0,0,214.8,87,131.0,114,216.9,104,9.4,3,3,False,572.1,308,0.00974025974025974
52,1,0,0,251.4,118,196.6,80,192.0,53,11.0,2,0,True,651.0,253,0.0
3,0,0,0,139.0,99,250.7,108,286.2,87,6.1,3,4,False,682.0,297,0.013468013468013467
38,0,0,0,117.3,114,208.7,105,203.4,98,14.4,2,2,False,543.8,319,0.006269592476489028
104,0,0,0,264.0,108,132.2,75,177.7,91,10.6,8,3,False,584.5,282,0.010638297872340425
27,0,0,0,82.6,105,204.0,99,224.2,122,9.1,4,1,False,519.9,330,0.0030303030303030303
13,0,0,0,220.4,100,211.2,79,259.3,112,13.6,8,2,False,704.5000000000001,299,0.006688963210702341
52,0,0,0,217.0,104,152.3,83,134.3,109,11.8,4,2,False,515.4,300,0.006666666666666667
114,0,1,25,129.0,77,290.0,110,177.1,110,11.6,5,1,False,607.7,302,0.0033112582781456954
156,0,0,0,150.5,106,152.9,112,215.9,86,3.5,3,1,False,522.8,307,0.003257328990228013
62,0,0,0,189.5,122,103.8,95,180.6,106,10.8,5,2,False,484.7,328,0.006097560975609756
52,0,0,0,129.3,80,142.7,101,258.3,89,12.3,4,3,False,542.5999999999999,274,0.010948905109489052
146,0,0,0,115.6,77,213.6,100,218.4,72,10.7,6,1,False,558.3000000000001,255,0.00392156862745098
120,0,1,23,221.9,114,254.7,84,250.5,117,7.2,5,2,False,734.3000000000001,320,0.00625
90,0,0,0,61.3,91,194.4,94,143.1,80,11.4,9,1,False,410.19999999999993,274,0.0036496350364963502
147,1,0,0,183.8,113,164.7,110,111.0,87,10.1,4,1,False,469.6,314,0.0031847133757961785
159,0,0,0,167.4,68,143.8,74,140.1,111,10.3,3,0,True,461.6000000000001,256,0.0
74,0,1,27,154.1,122,195.3,150,276.7,86,13.2,2,4,False,639.3,360,0.011111111111111112
87,0,0,0,198.3,80,187.0,89,133.5,96,16.6,4,2,False,535.4,269,0.007434944237918215
99,0,0,0,128.3,78,215.3,120,143.7,140,14.3,9,2,False,501.6,347,0.005763688760806916
131,0,0,0,187.9,110,200.5,101,202.6,125,10.2,11,2,False,601.2,347,0.005763688760806916
89,0,0,0,129.2,71,214.1,68,214.9,100,10.3,4,5,True,568.4999999999999,243,0.0205761316872428
123,1,0,0,125.5,106,128.9,96,251.9,129,6.3,6,4,True,512.6,337,0.011869436201780416
130,0,1,26,257.2,108,224.3,122,204.0,118,12.6,4,1,False,698.1,352,0.002840909090909091
99,0,0,0,124.6,90,146.4,70,169.4,95,10.5,6,1,False,450.9,261,0.0038314176245210726
36,0,0,0,175.1,144,216.9,69,243.7,146,9.9,3,1,False,645.6,362,0.0027624309392265192
87,0,0,0,124.3,91,173.4,105,256.3,109,7.5,5,3,False,561.5,310,0.00967741935483871
139,0,0,0,271.6,130,156.0,131,136.3,108,11.6,9,2,False,575.5000000000001,378,0.005291005291005291
189,0,0,0,219.9,80,143.3,117,130.6,69,11.7,7,1,False,505.50000000000006,273,0.003663003663003663
96,0,1,33,183.3,115,201.4,87,177.4,84,10.4,15,3,False,572.5,301,0.009966777408637873
112,0,0,0,101.1,119,214.4,67,179.5,112,10.3,5,2,False,505.3,303,0.006600660066006601
108,0,1,41,171.6,110,136.1,78,183.4,103,10.8,7,0,False,501.90000000000003,298,0.0
121,0,1,20,211.9,110,215.1,120,238.5,107,9.4,2,0,False,674.9,339,0.0
116,0,0,0,63.7,101,195.8,95,210.1,87,10.0,6,1,False,479.6,289,0.0034602076124567475
161,0,0,0,173.4,100,213.7,74,141.5,69,11.5,4,1,False,540.1,247,0.004048582995951417
19,1,0,0,237.7,98,207.1,121,182.2,95,4.5,4,0,False,631.5,318,0.0
119,1,1,32,173.0,101,209.4,93,231.1,91,12.2,4,0,False,625.7,289,0.0
125,0,0,0,224.9,102,143.8,87,198.9,105,8.0,2,0,False,575.6,296,0.0
156,0,0,0,237.7,122,181.5,91,185.7,151,7.7,4,1,False,612.6,368,0.002717391304347826
109,0,0,0,137.0,128,217.0,116,182.1,86,10.0,5,2,False,546.1,335,0.005970149253731343
95,0,0,0,142.5,109,176.1,107,189.6,88,8.2,3,2,False,516.4000000000001,307,0.006514657980456026
90,0,0,0,142.4,126,126.2,118,274.2,71,4.6,4,1,False,547.4,319,0.003134796238244514
105,0,1,21,147.0,112,197.3,43,267.4,93,8.7,3,2,False,620.4000000000001,251,0.00796812749003984
101,0,0,0,220.3,124,188.6,101,278.4,98,10.6,4,1,False,697.9,327,0.0030581039755351682
95,0,0,0,149.2,96,260.7,116,201.0,120,8.1,2,1,False,619.0,334,0.0029940119760479044
123,0,0,0,204.4,88,137.5,111,226.0,100,10.0,4,0,False,577.9,303,0.0
141,0,1,28,308.0,123,247.8,128,152.9,103,7.4,3,1,False,716.0999999999999,357,0.0028011204481792717
75,0,1,19,210.3,90,241.8,87,215.7,102,13.1,3,4,False,680.9,282,0.014184397163120567
126,0,1,24,58.9,125,305.5,90,158.9,73,12.1,6,0,False,535.4,294,0.0
153,0,0,0,228.9,102,160.7,136,203.1,109,12.5,2,0,False,605.2,349,0.0
97,0,1,32,90.0,87,276.3,113,185.2,107,8.6,6,2,True,560.1,313,0.006389776357827476
115,0,0,0,146.7,128,106.2,74,197.7,104,11.1,4,2,False,461.7,310,0.0064516129032258064
17,1,0,0,162.8,118,229.6,91,332.7,94,13.6,3,0,True,738.6999999999999,306,0.0
105,0,1,20,186.9,114,256.3,91,334.7,104,8.9,2,1,False,786.8000000000001,311,0.003215434083601286
121,0,0,0,86.1,100,259.8,113,148.0,79,9.1,9,2,False,503.0,301,0.006644518272425249
125,0,0,0,212.3,89,215.4,127,186.8,73,11.3,2,2,False,625.8,291,0.006872852233676976
124,0,0,0,151.0,98,120.6,119,152.8,81,9.2,2,2,False,433.6,300,0.006666666666666667
123,0,1,32,212.3,77,251.5,78,208.7,85,6.6,2,3,False,679.1,242,0.012396694214876033
124,0,0,0,234.4,61,179.3,111,285.5,117,10.4,6,3,False,709.6,295,0.010169491525423728
133,0,0,0,176.8,92,187.5,97,196.8,88,6.5,3,2,False,567.6,280,0.007142857142857143
1,0,1,26,146.6,68,172.8,67,173.8,113,10.0,2,1,False,503.2,250,0.004
107,0,0,0,260.5,108,102.4,110,129.7,148,9.8,5,1,False,502.4,371,0.0026954177897574125
91,0,1,20,146.1,98,277.4,104,137.7,100,6.2,3,1,False,567.4000000000001,305,0.003278688524590164
178,1,0,0,124.5,134,141.2,78,268.2,113,11.4,2,2,True,545.3,327,0.0061162079510703364
123,0,0,0,209.4,49,237.4,117,239.2,98,9.8,11,1,False,695.8,275,0.0036363636363636364
170,0,0,0,285.7,44,167.5,144,260.0,97,8.7,4,1,True,721.9000000000001,289,0.0034602076124567475
135,0,0,0,190.9,44,161.4,109,231.9,100,8.4,2,1,False,592.6,255,0.00392156862745098
134,0,1,50,208.8,130,132.9,104,136.7,107,11.1,4,2,False,489.50000000000006,345,0.005797101449275362
93,0,0,0,271.1,101,237.4,133,145.4,103,8.4,6,1,True,662.3,343,0.0029154518950437317
138,0,0,0,240.8,104,144.5,92,125.7,98,11.6,1,0,False,522.6,295,0.0
159,0,0,0,114.8,98,192.6,101,259.0,108,12.2,5,0,False,578.6,312,0.0
103,0,1,34,138.8,80,142.0,108,183.8,77,11.8,7,1,False,476.40000000000003,272,0.003676470588235294
150,0,1,27,209.8,112,155.0,80,251.5,111,7.2,6,0,False,623.5,309,0.0
37,0,0,0,134.9,98,248.4,130,236.2,113,14.7,2,3,False,634.2,343,0.008746355685131196
33,1,0,0,164.0,99,153.1,102,123.8,104,6.4,4,0,False,447.3,309,0.0
55,0,0,0,245.5,130,192.7,54,141.7,83,9.1,4,1,False,589.0,271,0.0036900369003690036
107,0,0,0,90.7,90,207.5,109,169.4,96,5.6,5,2,False,473.20000000000005,300,0.006666666666666667
78,0,0,0,108.6,108,209.9,126,222.6,117,7.9,5,1,True,549.0,356,0.0028089887640449437
85,0,1,17,89.8,88,233.2,75,165.7,116,9.3,7,4,True,498.0,286,0.013986013986013986
61,0,1,15,252.4,106,187.8,69,259.6,137,10.0,3,2,False,709.8000000000001,315,0.006349206349206349
97,0,1,32,183.4,94,269.1,120,203.5,38,6.7,4,5,False,662.7,256,0.01953125
136,1,0,0,183.4,103,141.9,113,200.4,122,10.4,9,2,False,536.1,347,0.005763688760806916
135,0,0,0,155.2,100,135.9,84,184.6,82,3.8,9,3,False,479.50000000000006,275,0.01090909090909091
87,0,1,19,165.8,122,186.9,89,249.7,78,0.0,0,1,False,602.4000000000001,289,0.0034602076124567475
148,0,0,0,279.3,104,201.6,87,280.8,99,7.9,2,2,True,769.6,292,0.00684931506849315
99,0,0,0,174.1,102,99.1,118,211.6,126,7.7,2,2,False,492.49999999999994,348,0.005747126436781609
123,0,0,0,175.7,78,184.6,96,156.9,92,9.1,2,2,False,526.3,268,0.007462686567164179
127,1,0,0,256.5,87,222.1,101,156.7,122,13.0,3,1,False,648.3,313,0.003194888178913738
151,0,0,0,170.2,89,187.5,83,119.5,100,4.3,3,0,False,481.5,275,0.0
185,0,0,0,139.6,92,250.2,115,158.1,79,10.8,4,1,False,558.6999999999999,290,0.0034482758620689655
58,0,0,0,210.1,126,248.9,108,158.6,88,14.4,2,4,False,632.0,324,0.012345679012345678
58,0,0,0,174.4,112,265.8,122,182.4,87,0.0,0,4,False,622.6,321,0.012461059190031152
108,0,0,0,210.6,117,164.2,103,201.4,68,9.4,5,0,False,585.5999999999999,293,0.0
132,0,0,0,121.5,88,253.0,124,195.7,120,10.7,4,1,False,580.9000000000001,336,0.002976190476190476
80,0,0,0,127.8,67,181.6,112,197.3,63,15.9,2,2,False,522.6,244,0.00819672131147541
110,0,0,0,99.4,62,275.0,86,212.1,94,16.7,3,2,False,603.2,245,0.00816326530612245
168,0,0,0,163.4,134,240.1,87,164.0,147,11.6,2,2,True,579.1,370,0.005405405405405406
125,0,1,23,120.5,104,227.8,115,158.5,100,10.2,3,1,False,517.0,322,0.003105590062111801
170,0,0,0,184.1,106,204.9,70,224.3,133,9.8,3,2,False,623.0999999999999,312,0.00641025641025641
71,0,0,0,185.0,84,232.5,129,191.1,82,14.9,4,3,False,623.5,299,0.010033444816053512
124,0,0,0,160.9,109,144.2,152,120.4,97,12.9,12,1,False,438.4,370,0.002702702702702703
68,0,0,0,207.6,68,251.6,123,191.6,100,10.9,6,2,False,661.6999999999999,297,0.006734006734006734
97,0,0,0,209.2,134,0.0,0,175.4,94,11.8,6,1,False,396.40000000000003,234,0.004273504273504274
98,1,0,0,158.4,71,306.6,66,144.2,93,2.1,4,1,False,611.3000000000001,234,0.004273504273504274
24,0,0,0,149.0,73,131.0,81,238.6,69,8.6,3,2,True,527.2,226,0.008849557522123894
136,0,0,0,204.5,63,208.8,95,224.0,119,9.8,2,0,False,647.0999999999999,279,0.0
44,0,0,0,288.8,86,175.9,87,215.4,106,9.5,2,0,True,689.6,281,0.0
96,0,1,40,108.6,90,206.4,154,126.3,118,13.4,4,0,False,454.7,366,0.0
24,0,0,0,156.2,104,90.0,101,205.1,116,7.3,5,1,False,458.59999999999997,326,0.003067484662576687
112,0,1,31,225.2,89,256.8,117,249.7,87,11.5,1,4,False,743.2,294,0.013605442176870748
117,1,0,0,287.4,118,259.6,84,153.2,86,10.0,3,1,True,710.2,291,0.003436426116838488
137,0,1,19,175.3,96,241.3,146,211.4,109,7.8,2,0,False,635.8,353,0.0
95,0,0,0,157.9,103,259.6,90,230.0,117,14.0,2,0,False,661.5,312,0.0
145,0,0,0,245.8,116,286.7,91,240.7,115,9.0,13,1,True,782.2,335,0.0029850746268656717
56,1,0,0,177.7,114,215.6,110,236.7,67,10.5,5,1,False,640.5,296,0.0033783783783783786
133,0,0,0,117.8,100,199.2,105,244.1,119,11.8,4,0,True,572.9,328,0.0
53,0,0,0,119.7,113,189.7,84,256.2,108,12.9,7,2,False,578.4999999999999,312,0.00641025641025641
123,0,0,0,242.2,87,226.1,101,268.6,121,8.2,3,5,True,745.1,312,0.016025641025641024
62,0,0,0,128.7,111,169.5,104,193.6,97,10.3,5,1,False,502.09999999999997,317,0.0031545741324921135
55,0,1,20,207.7,91,199.7,113,216.5,110,7.3,1,1,False,631.1999999999999,315,0.0031746031746031746
125,0,0,0,233.3,65,209.8,93,210.6,109,9.1,4,1,False,662.8000000000001,271,0.0036900369003690036
1,0,0,0,182.1,106,134.9,106,152.3,75,10.0,3,5,True,479.3,290,0.017241379310344827
98,0,1,36,168.0,81,163.2,125,172.7,120,8.0,2,6,True,511.9,328,0.018292682926829267
105,0,0,0,251.6,88,175.1,103,184.4,112,5.4,5,1,False,616.5,308,0.003246753246753247
99,0,0,0,256.4,44,214.5,105,233.7,75,7.9,1,3,True,712.4999999999999,225,0.013333333333333334
177,0,0,0,227.8,81,161.8,97,217.0,106,8.0,5,1,False,614.6,289,0.0034602076124567475
160,0,0,0,234.9,136,270.8,134,219.3,101,13.9,2,1,True,738.9,373,0.002680965147453083
90,0,1,22,124.5,94,231.7,90,222.2,108,6.4,12,1,False,584.8,304,0.003289473684210526
148,1,0,0,233.5,81,187.7,71,122.3,97,9.6,2,0,True,553.1,251,0.0
147,0,1,35,197.3,134,141.1,99,212.1,90,10.1,4,2,True,560.6,327,0.0061162079510703364
80,0,0,0,151.5,89,131.7,78,235.3,131,11.8,4,0,False,530.3,302,0.0
122,1,0,0,146.3,117,218.7,93,236.0,97,11.5,5,1,False,612.5,312,0.003205128205128205
132,0,0,0,195.1,100,148.8,95,224.5,117,6.7,2,0,False,575.1,314,0.0
83,0,0,0,208.9,71,214.8,92,247.9,108,13.0,5,1,False,684.6,276,0.0036231884057971015
99,0,0,0,135.7,107,208.4,103,209.0,95,8.8,3,7,True,561.9,308,0.022727272727272728
84,0,0,0,225.9,86,275.6,105,201.4,108,14.3,3,3,True,717.1999999999999,302,0.009933774834437087
46,0,0,0,122.2,67,167.2,62,194.8,98,9.7,6,1,False,493.9,233,0.004291845493562232
87,0,0,0,153.3,106,224.5,117,273.4,152,8.9,5,2,False,660.1,380,0.005263157894736842
73,0,0,0,194.8,112,167.2,85,100.3,61,10.8,6,1,False,473.1,264,0.003787878787878788
7,0,0,0,206.7,87,281.1,83,158.5,77,11.0,5,3,False,657.3,252,0.011904761904761904
89,0,1,12,188.0,105,151.3,107,201.9,132,10.5,3,2,False,551.7,347,0.005763688760806916
131,1,0,0,122.3,83,118.8,94,147.9,95,13.7,3,3,True,402.7,275,0.01090909090909091
105,0,0,0,259.3,96,175.2,97,222.4,36,12.0,5,3,False,668.9,234,0.01282051282051282
47,0,1,28,172.9,109,137.6,94,203.8,109,8.3,6,1,False,522.5999999999999,318,0.0031446540880503146
161,0,0,0,196.6,73,170.2,79,194.3,79,12.5,3,1,False,573.5999999999999,234,0.004273504273504274
69,0,1,31,194.9,63,191.6,90,153.0,129,13.2,2,2,False,552.7,284,0.007042253521126761
87,0,1,30,262.8,114,215.8,130,154.8,88,7.8,2,0,False,641.2,334,0.0
71,0,0,0,211.2,70,252.7,122,225.8,104,12.3,3,0,False,702.0,299,0.0
76,0,0,0,204.0,69,225.1,110,240.3,85,9.6,5,1,False,679.0000000000001,269,0.0037174721189591076
87,0,0,0,223.2,109,127.5,86,289.3,83,14.5,4,3,False,654.5,282,0.010638297872340425
117,0,0,0,119.0,82,187.5,108,189.3,97,11.5,3,1,False,507.3,290,0.0034482758620689655
177,0,0,0,266.1,91,225.2,79,224.7,58,8.9,8,3,True,724.9,236,0.012711864406779662
95,0,0,0,134.4,104,152.4,95,236.5,80,9.4,3,1,False,532.6999999999999,282,0.0035460992907801418
66,0,0,0,170.5,103,254.3,77,197.3,138,10.5,2,2,False,632.6,320,0.00625
110,0,0,0,178.5,124,146.9,141,217.1,102,9.9,7,1,False,552.4,374,0.00267379679144385
133,0,1,39,239.9,107,253.8,77,128.7,85,6.7,3,5,False,629.1000000000001,272,0.01838235294117647
185,0,0,0,55.6,97,288.7,83,111.2,110,12.1,3,2,False,467.6,293,0.006825938566552901
91,0,0,0,109.8,100,189.6,104,206.7,85,11.1,3,1,False,517.1999999999999,292,0.003424657534246575
131,0,0,0,196.1,89,185.5,87,250.0,132,5.2,6,2,False,636.8000000000001,314,0.006369426751592357
153,0,0,0,166.8,127,143.5,121,210.7,130,11.8,4,0,False,532.8,382,0.0
132,0,1,25,113.2,96,269.9,107,229.1,87,7.1,7,2,False,619.3,297,0.006734006734006734
141,0,0,0,242.8,90,234.1,80,211.5,104,6.0,3,5,False,694.4,277,0.018050541516245487
105,0,0,0,156.5,102,140.2,134,227.4,111,12.2,2,2,False,536.3000000000001,349,0.0057306590257879654
169,0,0,0,266.7,105,158.2,88,287.7,111,13.8,3,3,True,726.3999999999999,307,0.009771986970684038
127,0,1,23,182.0,80,216.1,85,156.9,82,9.8,4,1,False,564.8,251,0.00398406374501992
123,0,1,33,146.6,87,114.8,59,220.4,99,2.9,7,0,False,484.69999999999993,252,0.0
103,0,1,35,110.5,101,208.3,81,87.4,77,13.9,2,4,True,420.1,261,0.01532567049808429
101,0,0,0,118.6,89,199.6,97,53.3,61,11.5,5,1,False,383.0,252,0.003968253968253968
123,0,1,22,197.6,105,80.0,86,120.8,82,15.6,12,2,False,414.00000000000006,285,0.007017543859649123
78,0,1,32,210.3,116,192.2,83,246.1,92,10.8,4,6,False,659.4,295,0.020338983050847456
101,0,1,28,220.3,96,285.8,72,203.0,111,9.4,6,4,False,718.5,285,0.014035087719298246
129,0,0,0,150.0,98,232.4,101,261.2,123,12.5,6,1,False,656.0999999999999,328,0.003048780487804878
67,0,1,34,161.7,114,207.6,115,205.7,114,9.2,4,0,False,584.2,347,0.0
37,0,0,0,191.4,116,167.4,99,216.5,112,14.0,5,3,False,589.3,332,0.009036144578313253
173,0,0,0,109.4,103,101.3,111,167.3,106,7.8,7,1,False,385.8,327,0.0030581039755351682
135,0,0,0,144.1,115,249.8,68,211.4,82,13.6,3,1,False,618.9,268,0.0037313432835820895
75,0,1,42,248.9,93,170.8,108,104.5,91,11.2,8,1,False,535.4000000000001,300,0.0033333333333333335
88,0,0,0,85.7,112,221.6,70,190.6,75,11.6,3,4,True,509.5,260,0.015384615384615385
112,0,0,0,214.8,112,209.7,104,164.4,97,9.4,5,3,False,598.3,318,0.009433962264150943
113,0,0,0,158.9,137,242.8,109,247.8,97,6.5,4,0,False,656.0,347,0.0
121,0,1,28,110.0,94,141.5,76,237.3,87,6.4,3,2,False,495.2,260,0.007692307692307693
90,0,0,0,145.6,103,197.1,137,294.5,83,10.5,4,0,False,647.7,327,0.0
39,0,0,0,93.3,83,199.6,114,206.2,104,6.5,4,0,False,505.59999999999997,305,0.0
176,0,0,0,201.9,101,154.7,78,164.4,79,9.0,2,1,False,530.0,260,0.0038461538461538464
105,0,0,0,146.4,81,225.1,80,230.1,117,8.5,2,1,False,610.1,280,0.0035714285714285713
57,0,0,0,272.7,74,224.9,85,178.2,104,10.5,3,2,True,686.3,266,0.007518796992481203
110,0,0,0,18.9,92,258.4,81,109.6,74,14.8,4,1,False,401.7,251,0.00398406374501992
95,0,0,0,190.2,119,157.1,70,181.5,120,14.0,6,0,False,542.8,315,0.0
147,0,0,0,130.6,83,208.1,144,204.6,72,15.6,3,3,False,558.9,302,0.009933774834437087
101,0,0,0,158.4,92,188.0,117,219.7,125,13.5,4,4,True,579.5999999999999,338,0.011834319526627219
115,0,0,0,166.5,111,236.2,98,205.6,92,15.6,2,1,False,623.9,303,0.0033003300330033004
103,0,0,0,129.3,103,202.8,89,233.0,126,12.9,2,2,False,578.0,320,0.00625
82,0,0,0,199.3,112,193.4,120,254.4,117,7.0,10,0,False,654.1,359,0.0
141,0,0,0,185.1,126,233.0,98,152.2,106,9.1,7,0,False,579.4,337,0.0
149,0,0,0,175.4,80,197.4,127,188.2,102,9.7,2,2,False,570.7,311,0.006430868167202572
119,0,0,0,94.2,108,264.1,100,203.7,79,7.3,3,1,False,569.3,290,0.0034482758620689655
112,0,0,0,189.4,83,219.0,89,168.0,116,7.1,8,3,False,583.5,296,0.010135135135135136
116,0,1,35,118.0,103,167.2,106,205.7,102,11.8,2,2,False,502.7,313,0.006389776357827476
94,0,0,0,212.1,98,189.4,89,352.2,95,8.4,5,3,False,762.1,287,0.010452961672473868
90,0,0,0,222.0,93,187.0,103,282.3,124,12.4,6,2,False,703.6999999999999,326,0.006134969325153374
114,0,1,31,222.8,98,180.5,105,151.3,101,13.0,4,0,False,567.6,308,0.0
63,0,1,25,190.0,137,116.6,76,141.5,110,12.2,2,1,False,460.3,325,0.003076923076923077
122,0,1,29,195.4,83,268.2,93,168.0,95,8.4,6,3,False,640.0,277,0.010830324909747292
62,0,0,0,100.0,98,173.5,95,218.0,122,10.1,4,0,False,501.6,319,0.0
78,0,1,21,160.6,85,223.1,79,124.0,92,9.5,1,2,False,517.2,257,0.007782101167315175
148,0,1,26,158.7,91,160.5,127,218.3,88,9.9,3,1,False,547.4,309,0.003236245954692557
154,0,0,0,154.5,122,214.2,71,178.0,105,12.0,2,3,True,558.7,300,0.01
110,0,1,34,192.3,114,129.3,114,136.3,102,6.3,12,1,False,464.20000000000005,342,0.0029239766081871343
75,0,0,0,305.1,106,188.0,115,235.4,116,8.5,5,0,True,737.0,342,0.0
84,0,1,38,193.0,106,153.6,106,260.4,87,7.4,5,2,False,614.4,304,0.006578947368421052
113,0,0,0,72.5,88,204.0,112,117.9,118,6.6,3,1,False,401.0,321,0.003115264797507788
181,0,1,40,105.2,61,341.3,79,165.7,97,6.3,3,2,False,618.5,240,0.008333333333333333
51,0,0,0,180.5,88,134.7,102,170.7,97,10.0,3,2,False,495.9,290,0.006896551724137931
102,0,1,29,214.7,86,314.3,109,280.2,110,14.3,2,0,False,823.5,307,0.0
107,0,0,0,86.8,95,108.1,85,204.3,87,13.2,3,1,False,412.4,270,0.003703703703703704
88,0,0,0,131.5,99,174.8,128,184.2,83,7.9,2,5,True,498.4,312,0.016025641025641024
82,0,0,0,135.4,102,237.1,122,118.3,91,17.5,4,0,False,508.3,319,0.0
204,0,0,0,174.3,85,254.1,95,176.4,96,5.9,3,6,False,610.6999999999999,279,0.021505376344086023
174,0,0,0,235.5,108,142.3,143,316.7,131,12.5,5,0,False,707.0,387,0.0
129,0,0,0,157.0,113,256.9,97,185.5,126,12.1,2,2,False,611.5,338,0.005917159763313609
190,1,0,0,111.9,55,223.0,124,243.2,81,10.0,7,3,False,588.0999999999999,267,0.011235955056179775
54,1,0,0,236.3,91,152.8,130,160.3,98,11.2,8,3,False,560.6000000000001,327,0.009174311926605505
78,0,0,0,163.6,88,283.4,93,262.1,108,8.6,9,0,False,717.7,298,0.0
100,0,1,29,213.6,127,175.9,82,207.2,100,8.9,3,1,False,605.6,312,0.003205128205128205
70,0,1,30,143.4,72,170.0,92,127.9,68,9.4,4,3,False,450.69999999999993,236,0.012711864406779662
117,0,0,0,97.1,98,228.0,131,240.0,111,10.6,3,1,False,575.7,343,0.0029154518950437317
68,0,0,0,94.1,93,147.6,80,213.5,85,10.1,2,0,False,465.3,260,0.0
27,0,0,0,226.3,95,274.3,109,242.7,119,8.2,3,2,True,751.5,326,0.006134969325153374
91,0,0,0,133.8,61,158.8,96,189.6,92,10.5,2,1,False,492.70000000000005,251,0.00398406374501992
181,0,1,27,190.3,93,249.0,127,215.7,82,10.6,4,1,False,665.6,306,0.0032679738562091504
118,0,1,36,294.9,106,165.7,115,189.2,63,9.8,5,3,False,659.5999999999999,289,0.010380622837370242
112,0,0,0,185.4,114,191.4,119,144.0,78,10.0,11,2,False,530.8,322,0.006211180124223602
93,0,0,0,179.5,121,191.9,131,165.5,125,12.0,4,0,False,548.9,381,0.0
102,0,0,0,158.0,94,207.9,100,190.4,120,10.1,10,0,False,566.4,324,0.0
93,0,0,0,173.0,131,190.4,108,290.0,66,10.4,2,0,False,663.8,307,0.0
107,0,1,32,134.2,101,211.9,145,167.6,138,8.2,5,1,False,521.9000000000001,389,0.002570694087403599
115,0,0,0,195.9,111,227.0,108,313.2,113,13.2,1,2,False,749.3,333,0.006006006006006006
63,0,1,13,214.2,61,181.2,88,174.0,68,10.3,2,0,False,579.6999999999999,219,0.0
119,0,1,26,132.0,100,173.3,121,203.5,108,11.6,5,1,False,520.4,334,0.0029940119760479044
73,0,0,0,157.6,92,198.3,87,364.9,106,9.1,4,1,False,729.9,289,0.0034602076124567475
98,0,1,30,110.3,71,182.4,108,183.8,88,11.0,8,2,False,487.5,275,0.007272727272727273
139,1,0,0,161.5,121,192.9,137,168.3,96,11.2,13,0,False,533.9000000000001,367,0.0
31,0,1,28,171.8,116,240.7,125,245.5,80,10.6,7,1,False,668.6,328,0.003048780487804878
129,0,1,32,211.0,99,155.1,89,234.8,96,11.4,5,1,False,612.3000000000001,289,0.0034602076124567475
115,0,0,0,139.3,89,192.3,95,151.0,75,9.3,3,7,True,491.90000000000003,262,0.026717557251908396
108,0,0,0,291.6,99,221.1,93,229.2,110,14.0,9,2,True,755.9000000000001,311,0.006430868167202572
102,0,0,0,234.8,125,199.2,99,163.2,88,10.0,1,4,False,607.2,313,0.012779552715654952
149,0,0,0,187.6,83,201.4,81,264.2,79,8.8,1,1,False,662.0,244,0.004098360655737705
131,0,1,33,177.1,100,194.0,85,253.4,124,5.2,5,1,False,629.7,314,0.0031847133757961785
83,0,0,0,117.9,101,160.4,92,235.3,150,11.4,10,0,False,525.0,353,0.0
96,0,1,21,247.6,95,256.3,150,158.6,72,10.8,6,2,False,673.3,323,0.006191950464396285
98,0,0,0,169.9,77,138.3,155,142.6,105,8.5,7,1,False,459.30000000000007,344,0.0029069767441860465
3,0,0,0,185.0,120,203.7,129,170.5,89,14.1,3,3,False,573.3000000000001,341,0.008797653958944282
77,0,1,17,204.9,84,201.0,102,219.7,97,11.3,5,0,False,636.8999999999999,288,0.0
75,0,1,24,225.5,119,182.0,108,270.9,106,9.4,2,3,False,687.8,335,0.008955223880597015
40,0,0,0,169.7,115,141.4,123,253.0,115,10.5,3,4,True,574.6,356,0.011235955056179775
16,0,0,0,161.9,100,230.1,138,148.8,78,10.2,11,3,False,551.0,327,0.009174311926605505
115,0,1,16,133.3,110,185.7,111,161.5,113,5.6,4,2,False,486.1,338,0.005917159763313609
108,0,1,25,170.7,88,109.9,113,165.7,99,8.7,1,3,False,455.0,301,0.009966777408637873
107,0,0,0,189.7,76,156.1,65,244.0,91,8.3,3,5,False,598.0999999999999,235,0.02127659574468085
161,0,0,0,322.3,100,230.4,135,241.5,104,7.8,5,2,True,802.0,344,0.005813953488372093
147,0,0,0,124.4,74,320.9,78,157.2,126,10.4,4,2,False,612.9,282,0.0070921985815602835
107,0,0,0,146.9,94,114.3,111,114.5,97,11.4,5,3,False,387.09999999999997,307,0.009771986970684038
58,0,0,0,131.9,96,167.6,107,205.9,106,14.7,5,3,False,520.1,314,0.009554140127388535
91,0,0,0,147.2,121,175.2,87,136.3,80,13.3,3,2,False,472.0,291,0.006872852233676976
13,0,0,0,143.1,139,239.6,88,221.7,123,7.1,5,2,False,611.5,355,0.005633802816901409
93,0,1,31,237.2,85,213.1,100,192.7,87,10.7,4,1,False,653.7,276,0.0036231884057971015
95,0,0,0,184.2,95,181.6,101,143.4,113,12.8,4,2,False,521.9999999999999,313,0.006389776357827476
104,0,0,0,109.1,141,187.1,140,216.6,100,10.0,4,3,False,522.8,385,0.007792207792207792
35,0,0,0,138.1,115,158.2,82,215.7,118,10.3,2,5,True,522.3,317,0.015772870662460567
62,0,0,0,186.8,94,207.6,92,195.0,98,8.8,4,3,False,598.1999999999999,288,0.010416666666666666
143,0,0,0,155.4,112,290.9,92,228.4,91,13.9,5,1,False,688.5999999999999,300,0.0033333333333333335
60,1,0,0,205.9,97,277.4,117,202.0,139,11.0,2,0,True,696.3,355,0.0
41,0,0,0,207.2,138,214.1,83,193.0,105,11.9,4,1,False,626.1999999999999,330,0.0030303030303030303
56,0,0,0,221.9,112,278.2,122,288.1,85,7.1,5,0,True,795.3000000000001,324,0.0
94,0,0,0,220.8,111,156.2,67,187.9,89,10.5,4,2,False,575.4,271,0.007380073800738007
73,0,1,47,173.7,117,204.0,114,174.6,94,6.3,3,2,False,558.5999999999999,328,0.006097560975609756
127,1,0,0,143.2,60,179.5,159,171.8,122,6.2,4,4,True,500.7,345,0.011594202898550725
33,0,0,0,184.4,111,203.8,110,237.4,100,9.3,5,3,False,634.9,326,0.009202453987730062
148,0,0,0,216.2,95,185.7,105,300.0,143,10.0,5,2,False,711.9,348,0.005747126436781609
81,0,0,0,129.9,121,230.1,105,140.5,123,13.3,3,0,False,513.8,352,0.0
122,0,1,30,230.1,108,287.6,76,177.1,85,6.9,3,2,False,701.7,272,0.007352941176470588
52,0,0,0,204.4,97,273.2,128,179.6,118,11.0,5,1,False,668.2,348,0.0028735632183908046
91,0,1,44,216.6,101,173.1,98,242.1,95,9.1,3,1,False,640.9,297,0.003367003367003367
54,0,0,0,247.5,85,225.4,93,244.3,132,10.2,2,2,True,727.4000000000001,312,0.00641025641025641
152,0,0,0,228.1,93,136.4,106,197.3,107,9.0,2,1,False,570.8,308,0.003246753246753247
201,0,0,0,225.9,110,299.1,86,251.3,81,11.2,4,1,True,787.5,281,0.0035587188612099642
78,0,0,0,103.5,115,117.9,102,201.0,94,12.0,3,4,True,434.4,314,0.012738853503184714
67,0,0,0,115.5,70,252.2,143,208.9,91,7.5,6,0,False,584.1,310,0.0
100,0,0,0,218.8,125,148.3,102,277.8,97,9.7,6,1,False,654.6000000000001,330,0.0030303030303030303
41,0,0,0,223.8,67,244.8,74,223.8,156,12.3,5,3,False,704.7,302,0.009933774834437087
133,0,0,0,143.8,71,184.0,131,275.5,132,12.9,4,3,False,616.1999999999999,338,0.008875739644970414
36,0,1,43,29.9,123,129.1,117,325.9,105,8.6,6,2,False,493.5,351,0.005698005698005698
51,0,1,28,276.7,121,203.7,99,246.2,88,8.3,3,0,False,734.8999999999999,311,0.0
122,0,0,0,141.4,128,146.4,70,123.0,75,8.1,4,0,False,418.90000000000003,277,0.0
110,0,0,0,192.6,102,178.9,118,214.6,74,9.4,4,1,False,595.5,298,0.003355704697986577
91,1,0,0,151.8,115,103.6,116,156.3,86,12.2,4,1,False,423.90000000000003,321,0.003115264797507788
121,0,0,0,215.6,74,192.9,98,144.0,103,10.1,4,5,False,562.6,279,0.017921146953405017
109,0,0,0,180.0,100,229.0,103,139.4,105,7.8,8,3,False,556.1999999999999,316,0.00949367088607595
72,0,0,0,196.5,88,158.6,129,269.3,118,6.8,3,0,False,631.2,338,0.0
108,0,0,0,193.3,126,154.7,85,174.8,98,9.4,6,3,False,532.1999999999999,315,0.009523809523809525
148,1,0,0,218.7,111,155.6,133,277.4,62,8.2,5,1,False,659.9,311,0.003215434083601286
76,1,0,0,246.8,110,206.3,63,208.4,123,13.2,5,0,True,674.7,301,0.0
103,0,0,0,174.7,151,148.0,56,168.2,109,15.8,3,6,True,506.7,319,0.018808777429467086
87,0,0,0,240.0,83,134.1,106,189.1,84,9.3,2,0,True,572.5,275,0.0
35,0,1,37,181.2,76,177.6,98,228.0,136,5.0,3,2,False,591.8,313,0.006389776357827476
77,0,1,29,211.1,89,223.5,97,148.4,106,9.7,9,2,False,592.7,301,0.006644518272425249
124,0,0,0,169.3,108,178.6,91,242.3,82,12.2,3,1,False,602.4000000000001,284,0.0035211267605633804
30,0,0,0,247.4,107,175.9,76,287.4,90,11.3,2,0,False,722.0,275,0.0
53,0,1,32,131.2,63,227.4,125,178.9,105,12.8,2,2,False,550.3,295,0.006779661016949152
100,1,0,0,107.2,98,86.8,122,156.2,117,9.7,4,1,False,359.9,341,0.002932551319648094
59,0,1,32,211.9,120,202.9,136,213.5,95,8.8,5,1,False,637.0999999999999,356,0.0028089887640449437
143,0,0,0,160.4,120,285.9,104,182.5,85,6.9,4,3,False,635.6999999999999,313,0.009584664536741214
111,0,0,0,294.7,90,294.6,72,260.1,121,10.8,3,1,True,860.1999999999999,286,0.0034965034965034965
143,0,0,0,133.4,107,223.9,117,180.4,85,10.2,13,1,False,547.9000000000001,322,0.003105590062111801
68,1,1,24,125.7,92,275.9,98,214.5,108,14.2,6,3,True,630.3,304,0.009868421052631578
93,1,0,0,168.4,114,276.0,127,196.2,48,11.4,3,1,False,651.9999999999999,292,0.003424657534246575
103,0,0,0,70.9,134,134.5,112,168.8,164,12.0,6,2,False,386.20000000000005,416,0.004807692307692308
144,0,1,38,105.0,86,121.8,123,221.5,122,3.7,4,0,False,452.0,335,0.0
93,0,0,0,152.1,141,215.5,107,262.4,111,12.0,7,1,False,642.0,366,0.00273224043715847
149,1,0,0,180.9,79,194.9,83,197.8,109,8.8,9,3,False,582.4,280,0.010714285714285714
23,0,1,31,156.6,84,161.5,96,294.6,107,9.4,6,1,False,622.1,293,0.0034129692832764505
221,0,1,24,180.5,85,224.1,92,205.7,103,2.4,3,0,False,612.6999999999999,283,0.0
164,0,1,30,238.8,100,230.0,121,206.3,66,13.2,8,1,False,688.3000000000001,295,0.003389830508474576
104,0,1,18,182.1,66,213.6,65,193.0,108,13.4,9,2,False,602.1,248,0.008064516129032258
150,0,1,35,139.6,72,332.8,170,213.8,105,8.8,2,2,False,695.0,349,0.0057306590257879654
184,0,1,12,200.3,76,253.6,105,149.3,93,10.2,5,0,False,613.4000000000001,279,0.0
61,1,1,29,128.2,119,171.7,83,250.9,114,11.7,6,3,False,562.5,322,0.009316770186335404
115,0,0,0,226.4,101,276.8,60,213.4,82,12.3,4,3,True,728.9,247,0.012145748987854251
33,0,0,0,251.9,81,194.6,96,211.2,87,8.4,3,2,False,666.1,267,0.00749063670411985
100,0,0,0,264.5,117,194.0,111,262.7,111,7.5,4,2,True,728.7,343,0.0058309037900874635
75,0,1,28,200.6,96,164.1,111,169.6,153,2.5,5,1,False,536.8,365,0.0027397260273972603
121,0,1,34,245.0,95,216.9,66,112.4,125,7.5,8,0,False,581.8,294,0.0
142,1,0,0,140.8,140,228.6,119,152.9,88,10.9,7,1,False,533.1999999999999,354,0.002824858757062147
121,0,0,0,255.1,93,266.9,97,197.7,118,8.8,3,3,True,728.5,311,0.00964630225080386
87,0,1,33,125.0,99,235.3,81,215.3,95,10.2,7,2,False,585.8000000000001,282,0.0070921985815602835
34,0,0,0,180.6,65,280.4,99,292.4,105,5.0,3,1,False,758.4,272,0.003676470588235294
177,1,0,0,248.7,118,172.3,73,191.9,87,11.3,2,1,True,624.1999999999999,280,0.0035714285714285713
58,0,1,30,178.1,111,236.7,109,264.0,118,8.4,2,0,False,687.1999999999999,340,0.0
113,1,0,0,122.2,112,131.7,94,169.5,106,10.3,9,5,True,433.7,321,0.01557632398753894
89,0,0,0,111.2,101,122.1,94,180.8,85,12.6,2,3,False,426.70000000000005,282,0.010638297872340425
77,1,1,44,103.2,117,236.3,86,203.5,101,11.9,2,0,True,554.9,306,0.0
146,0,0,0,138.4,104,158.9,122,47.4,73,3.9,9,4,True,348.59999999999997,308,0.012987012987012988
93,0,0,0,146.3,85,216.6,95,233.0,82,11.5,3,0,False,607.4,265,0.0
160,0,0,0,206.3,66,241.1,109,227.8,102,11.7,6,0,False,686.9000000000001,283,0.0
55,0,0,0,132.0,103,279.6,114,180.0,74,13.5,4,0,False,605.1,295,0.0
88,0,0,0,274.6,105,161.1,121,194.4,123,9.2,4,2,False,639.3000000000001,353,0.0056657223796034
63,0,0,0,185.3,87,225.3,87,194.3,93,11.7,3,0,False,616.6000000000001,270,0.0
57,0,1,30,179.2,105,283.2,83,228.1,77,14.7,5,1,False,705.2,270,0.003703703703703704
138,1,0,0,286.2,61,187.2,60,146.2,114,11.0,4,2,True,630.5999999999999,239,0.008368200836820083
115,0,0,0,268.0,115,153.6,106,232.3,65,17.0,1,3,False,670.9000000000001,287,0.010452961672473868
171,0,0,0,137.5,110,198.1,109,292.7,131,13.3,5,2,False,641.5999999999999,355,0.005633802816901409
127,0,0,0,134.9,79,221.5,114,113.8,118,15.0,2,1,False,485.2,313,0.003194888178913738
61,0,0,0,234.2,76,216.7,108,130.6,122,13.9,2,1,False,595.4,308,0.003246753246753247
131,0,0,0,175.1,73,171.9,116,131.1,94,7.3,6,1,False,485.40000000000003,289,0.0034602076124567475
88,0,0,0,142.2,107,262.4,84,139.2,99,10.1,5,1,False,553.9,295,0.003389830508474576
130,0,0,0,132.4,81,200.3,110,202.5,103,6.0,1,2,False,541.2,295,0.006779661016949152
89,0,1,24,97.8,98,207.2,67,214.5,126,5.9,2,0,False,525.4,293,0.0
82,0,0,0,266.9,83,229.7,74,251.7,99,11.0,6,3,True,759.3,262,0.011450381679389313
115,0,0,0,200.2,92,244.9,107,190.9,96,8.8,3,1,False,644.8,298,0.003355704697986577
117,1,0,0,198.4,121,249.5,104,162.8,115,10.5,5,1,False,621.2,345,0.002898550724637681
60,0,0,0,180.3,67,208.0,68,181.2,101,12.8,6,2,False,582.3,242,0.008264462809917356
62,0,0,0,86.3,84,238.7,99,238.4,79,12.5,1,2,False,575.9,263,0.0076045627376425855
131,0,0,0,240.9,108,167.4,91,322.2,109,14.7,8,3,False,745.2,316,0.00949367088607595
65,0,0,0,207.7,109,217.5,117,125.6,111,8.0,5,1,False,558.8,342,0.0029239766081871343
142,0,1,22,224.4,114,146.0,106,241.4,98,8.8,2,1,False,620.5999999999999,320,0.003125
134,0,0,0,164.9,115,126.5,96,238.5,125,10.0,9,2,False,539.9,345,0.005797101449275362
139,0,1,43,231.0,85,222.3,82,148.0,105,8.3,5,2,False,609.5999999999999,277,0.007220216606498195
76,0,0,0,107.3,140,238.2,133,271.8,116,10.0,3,4,True,627.3,392,0.01020408163265306
100,0,0,0,185.0,122,182.5,92,274.9,92,5.1,8,1,False,647.5,314,0.0031847133757961785
99,0,1,31,244.1,71,203.4,58,234.0,115,7.7,4,3,False,689.2,248,0.012096774193548387
106,0,1,30,220.1,105,222.2,109,158.4,96,13.1,8,0,False,613.8,318,0.0
170,0,1,42,199.5,119,135.0,90,184.6,49,10.9,3,4,True,530.0,261,0.01532567049808429
78,0,0,0,109.5,105,286.1,90,247.6,113,4.9,9,1,False,648.1,317,0.0031545741324921135
39,0,0,0,187.2,110,114.7,116,104.7,83,13.2,5,1,False,419.79999999999995,314,0.0031847133757961785
119,1,1,22,172.1,119,223.6,133,150.0,94,13.9,20,1,True,559.6,366,0.00273224043715847
95,0,0,0,160.0,133,215.3,98,188.9,87,9.1,4,0,False,573.3000000000001,322,0.0
116,0,0,0,51.1,106,208.6,137,198.0,92,12.3,3,1,False,470.0,338,0.0029585798816568047
110,0,0,0,227.7,88,170.0,96,128.7,57,11.7,5,1,False,538.1,246,0.0040650406504065045
74,0,0,0,203.8,77,205.1,111,154.9,109,9.0,2,1,False,572.8,299,0.0033444816053511705
148,0,1,33,241.7,84,165.8,84,160.6,80,11.3,3,1,False,579.4,251,0.00398406374501992
83,0,0,0,78.1,70,239.3,115,144.4,112,12.3,4,1,False,474.09999999999997,301,0.0033222591362126247
73,0,0,0,187.8,95,149.2,143,201.4,113,11.0,4,2,False,549.4,355,0.005633802816901409
111,0,1,21,127.1,94,228.3,116,166.7,108,7.1,3,1,False,529.1999999999999,321,0.003115264797507788
75,1,0,0,153.2,78,210.8,99,153.5,100,7.8,3,1,False,525.3,280,0.0035714285714285713
71,1,0,0,186.1,114,198.6,140,206.5,80,13.8,5,4,True,605.0,339,0.011799410029498525
58,0,1,22,224.1,127,238.8,85,174.2,86,11.5,7,2,False,648.5999999999999,305,0.006557377049180328
172,0,0,0,203.9,109,234.0,123,160.7,65,17.8,4,4,False,616.3999999999999,301,0.013289036544850499
45,0,0,0,211.3,87,165.7,97,265.9,72,13.3,6,1,False,656.1999999999999,262,0.003816793893129771
100,1,0,0,219.4,112,225.7,102,255.3,95,12.0,4,4,False,712.4000000000001,313,0.012779552715654952
94,0,0,0,190.4,91,92.0,107,224.8,108,13.6,17,2,False,520.8,323,0.006191950464396285
128,0,0,0,147.7,94,283.3,83,188.3,124,6.9,5,2,False,626.1999999999999,306,0.006535947712418301
181,0,0,0,229.9,130,144.4,93,262.4,110,14.2,4,2,False,650.9000000000001,337,0.005934718100890208
127,0,0,0,102.8,128,143.7,95,191.4,97,10.0,5,1,False,447.9,325,0.003076923076923077
89,0,0,0,178.7,81,233.7,74,131.9,120,9.1,4,1,False,553.4,279,0.0035842293906810036
149,0,1,18,148.5,106,114.5,106,178.3,98,6.5,4,0,False,447.8,314,0.0
103,0,1,29,164.1,111,219.1,96,220.3,108,12.3,9,0,False,615.8,324,0.0
163,1,0,0,197.2,90,188.5,113,211.1,94,7.8,8,1,False,604.5999999999999,305,0.003278688524590164
52,0,0,0,124.9,131,300.5,118,192.5,106,11.6,4,2,False,629.5,359,0.005571030640668524
89,0,0,0,115.4,99,209.9,115,280.9,112,15.9,6,3,False,622.1,332,0.009036144578313253
122,1,0,0,140.0,101,196.4,77,120.1,133,9.7,4,4,True,466.2,315,0.012698412698412698
62,0,0,0,321.1,105,265.5,122,180.5,72,11.5,2,4,True,778.6,301,0.013289036544850499
117,0,0,0,118.4,126,249.3,97,227.0,56,13.6,3,5,True,608.3000000000001,282,0.01773049645390071
78,0,0,0,193.4,99,116.9,88,243.3,109,9.3,4,2,False,562.9,300,0.006666666666666667
96,0,0,0,106.6,128,284.8,87,178.9,92,14.9,7,1,False,585.1999999999999,314,0.0031847133757961785
79,0,0,0,134.7,98,189.7,68,221.4,128,11.8,5,2,False,557.5999999999999,299,0.006688963210702341
192,0,1,36,156.2,77,215.5,126,279.1,83,9.9,6,2,False,660.6999999999999,292,0.00684931506849315
68,0,0,0,231.1,57,153.4,55,191.3,123,9.6,4,3,False,585.4,239,0.012552301255230125
28,0,0,0,180.8,109,288.8,58,191.9,91,14.1,6,2,False,675.6,264,0.007575757575757576
74,0,1,25,234.4,113,265.9,82,241.4,77,13.7,4,0,False,755.4,276,0.0
